temperature_C,pressure_bar,machine_speed,material_ratio,energy_consumption,quality_score
462.4178538252808,5.839613261951602,109.87232587538428,0.6912441376904306,41.40190479272724,91.43702665904786
446.5433924707204,5.554780209747661,117.83221993926723,0.7901403239081979,43.206312919970316,93.87207154544346
466.1922134525173,5.035778221952104,108.11370118500058,0.35580250337024844,37.924580136265675,93.6188001789646
488.0757464102006,4.6118379333766555,115.38057705541439,0.7818341796787862,40.38322546991644,90.88059975626697
444.1461656319166,5.4189339881681535,91.59577999569322,0.45874032187493474,37.0713956342543,92.24240183125066
444.1465760762705,5.23609123125305,123.19940561059408,0.4085112771882528,37.48988405165266,95.05348179280709
489.4803203876848,5.537115932016639,120.01808213043337,0.23020971618161196,38.600604427458336,90.91940147454407
469.1858682288227,5.381103081009182,107.74367053397714,0.2316591547157616,36.282897166511404,91.85689979605941
438.2631403516262,5.6297316291916015,129.8886850264861,0.6152067535679928,40.13251486791495,94.49388845970668
463.56400108964914,4.6788588730636596,134.06355206439838,0.4747573966604168,39.12451834185905,92.00171069263862
438.4145576796884,5.790436439380596,95.88660203446538,0.33591297562166345,34.90982977574092,90.22160148655327
438.3567561607436,5.11855976281544,108.55912832150679,0.5683821837951397,36.28446474866409,95.02671548783773
456.0490567891509,6.245156523575159,108.46286475319053,0.3517148709500667,36.721921036046474,93.61828197640884
402.167993883555,4.58648730914626,105.90145348336704,0.5465790526066536,32.668709884905155,89.61634491350218
406.87705418717417,6.04157828189915,132.44212262897622,0.4155252481896142,36.59472837983021,88.49595921414307
435.9428117689757,5.118746470077589,117.09260791840795,0.6941313359670915,39.469257039946086,93.55874480709306
424.6792219916394,4.609149197831331,116.03227738034084,0.6924176964600677,36.44573437702513,92.98933314712376
457.85618331488183,4.709668499567407,89.9420645338987,0.48641023887344087,36.8498781111847,90.50131698844433
427.2993981119697,4.807791615083408,129.5312704531384,0.4104914656010094,36.853879406754146,92.86415186803863
414.69240746661774,5.25449956784115,101.41112407719791,0.41753587793545677,32.51799366873723,92.01622055750191
486.64121922303883,5.3137012928213,120.89898945399493,0.6834287154009309,42.734143562779565,93.39182737590917
444.3555924878366,4.655779997636853,124.16065406937288,0.39690768967856727,37.99572642523827,94.28509932455897
451.6882051171981,4.985387244643411,140.40987893757978,0.32543562422410766,36.57850896284143,94.25714621012516
414.38129534466356,6.285362215167118,100.36769401321332,0.2508130051251841,36.54775679722411,87.57379528502652
436.39043188687043,6.0365259020604265,74.70731766268761,0.4800158725306451,35.359182583076205,88.27202565341629
452.77306474274667,5.2617942018044195,122.75774317130542,0.4892792593519052,39.0083563831739,94.10210792942185
421.22516056444243,5.02280208690092,147.0076677226628,0.7045452262417444,38.45012444186063,91.12799455541054
459.3924504586418,5.072018796030957,138.58419529409156,0.3327432178676384,35.79266963298613,93.31174637139782
434.98403275202986,5.36811078363825,123.14489122911938,0.42859476420104,37.30518652356607,95.69059034164998
442.7076562551681,4.386324460880957,112.62545721551929,0.6850434433362147,37.65597184000106,93.28084941200987
434.95733469426506,4.845574077545993,132.10683894955966,0.6941741664493841,39.003610855500135,94.41460934275827
496.3069546127234,3.9988495556734467,105.39680700443297,0.43076664558726097,35.04410313235137,88.95187688005035
449.66256938155163,5.239533873563167,127.14536654034329,0.47547441397200857,38.25033245867573,94.63758479793077
423.5572267761025,5.388317563821644,127.5820523874994,0.3819715345095698,37.755898234120686,93.0131648664534
470.56362280257974,4.710088122620376,135.9031486124832,0.7595329270515874,41.463816320797754,91.94377348349182
419.47890875072443,5.94439205797402,161.39490058366616,0.27118625944494823,39.605997710860585,86.84986671873942
455.22158987511887,4.264540602198595,125.88623950768151,0.760249653800882,38.51503547914882,93.80431885052558
401.0082469030056,4.121375071874108,112.36554561438751,0.610319871101206,36.84087358324076,89.55105262093734
416.79534877753923,5.134671091135983,119.61638531712008,0.5189432916120388,35.478491362237676,92.86158611080057
454.9215308967281,5.628258981567293,93.46386142666323,0.21959543647069754,36.4236630256857,92.6922704334069
468.4616644998853,6.010356614874722,109.57930303366413,0.485357715093205,41.78756502897534,94.0976981646069
454.28420702974927,4.724669442278636,113.86076342830344,0.4446488630016394,37.78597212612618,93.7144416216267
447.108792940294,5.6472085000587775,112.13867403098111,0.2967312871850736,36.847711416459774,95.0010045751789
442.4724076102678,4.976894918299576,122.28532308050583,0.5938457621003942,37.952747068988984,93.61378288141742
413.0369502408143,4.896423620035508,107.66370101426699,0.7826905444209715,39.61051841848966,91.75087497071203
432.0038947901323,5.530195962492003,136.81546000986708,0.5373132866387151,37.60748002990013,93.88771563543078
438.4840307260053,5.391393727048052,120.00310597377296,0.6288519658663676,38.01968563251456,92.56807411023803
476.4280556554729,4.05416470580945,119.86049518292079,0.24107027153961008,34.878473931730475,92.4439962530561
458.59045723921156,5.8859242098355375,115.08157925230623,0.45060019749019686,41.304458838600375,93.66392729916596
405.92399611593163,5.828054812488471,122.32786025788468,0.26981509109869756,36.79530230544052,89.36716914887161
458.10209923486985,4.624662379094282,132.37647397001453,0.5676775013219063,37.680416062775265,95.61068836566916
440.3729429895921,5.237482120062445,106.9930467643365,0.7630892949284929,39.10122114290686,93.05457188584782
433.07694999235105,5.296418111769643,110.12825266387115,0.5970666394829831,37.31937416043109,93.18282322376184
465.2919072210217,5.1564042594943444,115.44410956835003,0.24608182898865294,35.72382167359061,94.01037633974846
475.7749880623988,4.669816907692748,99.81193614790178,0.4127997229910497,38.19611824698057,92.98616815473567
473.28200297790494,4.597025979237169,107.71113210417754,0.530398027664511,35.85416433541458,93.18389649636565
429.019561919434,4.984667557405133,112.85668689683011,0.4419246536799514,38.85315380695758,95.10576218145629
442.26969060371965,5.7036374115556185,133.11583771069093,0.7001864062851035,42.78812101314812,94.1787034350368
458.2815857850891,5.326160092756659,123.93841993502888,0.6888026028259936,42.501370122980774,92.26781019172651
474.388628178059,4.777631400748336,122.90384867051317,0.5670986120619329,38.791892197157736,93.18004963130244
438.0206440538677,5.463019226389007,132.76346943251957,0.4240747670796232,38.48775559362442,93.44480293585865
445.35852558340457,3.290874427621955,117.93942317400905,0.35320182425794655,31.490167255772754,92.91425064040733
422.3416256498493,5.689259420223262,125.85697274893334,0.2635245909278776,36.006953464154655,89.91487141943466
420.0948343979832,3.9561717327331403,118.45167370601256,0.41293861009193245,35.07599406939992,94.8208804602736
470.31314555985495,4.78253543515812,123.98043524099442,0.44790351032463177,40.38723839540763,94.59870171223778
483.9060007142706,4.328198063224313,111.25862013582626,0.6054937550624442,37.005728565820036,92.17032213659424
448.19974696049167,4.223191114567457,83.41774262585356,0.5948958945785441,34.745706693342754,91.6055137485893
475.0883224473006,5.696496072427111,117.98581256720544,0.2420648837847542,38.0459448222224,95.15230573678899
459.0409006261909,4.719379279212865,141.3412220414991,0.4371555892586947,36.740552960901574,94.24633385080995
433.87200613487187,5.207902329038429,133.8932310336239,0.3090673203304172,38.122260724962416,94.52330211052131
459.03489013771036,4.97184765267249,134.48096226886756,0.2940876231900834,36.64629460435771,93.99850344105018
488.4509141616492,5.2862244963338725,138.54196082709328,0.6963812898423476,42.64372310146578,90.49605125511721
449.1043490222512,5.046093134636153,121.32986386442155,0.22514913002975454,35.45020241747063,93.91125089351785
489.11609139535017,4.230204665486858,122.95973561108393,0.45150972554127283,36.98466623610606,90.5945923521569
384.5063723977564,5.597760091668284,110.73522156848475,0.30092219345991095,34.497146424480704,84.87373754293503
470.5475626093806,4.703746050103213,115.25890715959426,0.7275981294070846,39.70155049154131,92.25298510297976
452.1761767059543,4.0660508608041495,129.23656724656712,0.5342243079650211,36.87614029278184,93.9515353139736
442.5248162383533,4.743130903420452,138.05826655753225,0.33882838182610886,36.140058891231234,91.96467699478379
452.29401941338756,5.900455874380587,117.908305864785,0.501456372299826,40.278017686880695,94.51859232741243
400.3107771349777,5.510133045268096,113.24716102722883,0.6388918158218695,40.31706065782879,89.52631308040344
444.5082028040622,4.790808719355285,120.00791938284895,0.7748708053516604,40.01305626204491,94.44717496675862
458.92781428779364,4.790445377408942,129.01810123393673,0.3322676025472514,38.87331846762875,93.81427447534735
486.9473511185379,4.807018969269571,98.34217775799686,0.7317090632776071,37.79939847339721,93.48015700541151
437.04324454315883,6.246048790136505,85.55728570294143,0.7605824685004943,40.17935665309315,90.68012331875813
429.7876599276703,5.229161271338932,111.74194725762625,0.7498523267192398,37.66127965627179,92.19237242026732
437.4560739103866,5.2580249883146415,101.68931361128762,0.581248614117146,35.49864827369839,93.80625200182273
472.88505294255185,5.6181700724191055,112.37789703529033,0.5778923926608247,39.28486410027193,92.81600801045883
458.2187777414921,5.143273495415908,117.78329521773793,0.4419263799102937,39.9769011553753,93.79228011949584
436.755994905824,4.844574712507578,113.2012738646548,0.6514387293822728,39.61908428868853,92.96765742976766
462.8316858278339,4.882190090549013,141.78701301706118,0.5187764110105593,40.323148748291324,93.66496679107861
452.42693873370104,4.957039244351562,124.90117146903481,0.6064628427369767,37.06647037938386,94.14262406009969
474.2161247633222,4.977666658094095,124.50711539416243,0.4570747423092773,38.76104886014432,94.71890271487966
432.4486726530662,5.436577726182188,129.33310716065102,0.6388978784258835,40.40750628364932,94.80954230958697
441.8084463350558,5.03116753148438,102.91750323328847,0.6946829105627295,38.724257232941156,95.06028757762952
440.19729617169605,5.4395840463293474,135.58667681130402,0.28786175396168967,35.07154739541131,92.71198535668736
413.412126296697,4.9515700519348504,118.8635357019681,0.6997578293445369,36.84370915019519,92.473044062161
457.4030069266144,5.047181114189654,130.0572092586182,0.5241779190741844,39.28178554449345,95.21294539912138
456.52638180449725,3.8010795892807354,103.92214150439767,0.7067995454541347,37.79715975105794,92.17308536757437
450.12783641606154,5.549796604821489,96.69361850975903,0.45878102380460883,34.17242091469364,92.3432200264753
444.13532166562135,5.207893085538796,132.26834487037542,0.42742429122982106,38.251929479435994,96.01248140822928
414.61573144873967,5.598806065915792,125.64614289146274,0.7490364395103335,40.40811342098687,91.84475801597029
439.48386693086604,3.2622467730837865,106.46922668463735,0.3507015605290408,33.91958293687034,92.2713949473672
441.4321370868308,6.253024822868436,106.95505378087958,0.706527395171686,42.02153892921883,91.92331008776432
429.9430682694595,4.916246223106896,136.88152176622154,0.4904123435056425,39.057012964602436,92.11485003978893
445.96785720834976,5.66490969004251,102.15882160699007,0.5084572655307559,37.03282839102305,93.08885481571777
460.10127142036345,4.376056443724681,144.64009429883944,0.3850809688936905,35.17800265891389,92.4334089840099
497.1546475302633,5.367664343037542,106.49068898028197,0.5438253203714094,39.6984464848742,88.81764704813527
454.364445320796,4.367950662095806,129.57587888412576,0.39512671776572683,38.474903217590494,94.26938972117402
456.43875976806913,4.625738623582517,115.07072286376523,0.2235616485449914,37.36679826464379,92.43228367842863
448.13885210584584,6.148418812320072,129.04781146623515,0.36319916320661366,40.70699359348366,92.42262779120522
402.03071961752397,4.885590559541992,111.83828996828711,0.20382742604395443,33.860219832528,90.15674983096368
449.3371531137696,5.130459723907833,117.55810640891559,0.7870128722341141,41.12736246257168,94.91239635308389
451.50575524852565,5.5220406384132525,120.61378763093582,0.7794483258918485,40.638139103934655,93.75970635383456
511.58105281213216,5.297409132783563,104.96718816327791,0.4370931784833831,39.598264828829,85.6174073655099
445.1909758804719,5.090251343086146,131.1123651813019,0.6370225126037876,42.43661775322185,93.39917144711663
457.5386835583403,5.218976601479735,112.30179650292622,0.40748365904625505,36.279845278854935,94.22844645488178
449.1322057573689,6.442049351142965,116.57100126989972,0.6026558942515857,43.79865247862354,93.8598273351749
420.7830490595117,4.9654287217798485,105.08475938087231,0.6832580258275875,37.057201199319145,93.28396786778309
478.5705703628755,5.12065942802898,81.56499511807034,0.7680537468153446,41.386487630216784,87.85269503446433
468.79832581716937,5.630392637604567,117.13458356099747,0.44012736550980325,37.32551120386696,92.7685278719284
469.7757986760762,5.66331555977479,156.18923132419374,0.6699787897736287,44.5950404540253,89.97356548255019
427.2653136301315,5.712218183336228,131.76906431847036,0.3595570703792713,37.05005049343143,92.16360295152128
485.0698577734025,5.38323813321751,119.71109430398408,0.794199382276189,40.505982879289895,91.21178372748672
414.953723430193,4.31419705236171,116.05663756187599,0.2154617592586107,33.37859702285666,92.79818613572188
464.67142734500675,5.9800589193806575,120.3369883921807,0.5621172839006726,42.582328406315625,94.59699234031712
504.76139064524943,4.312192764188787,128.20678672762816,0.5957035889907963,39.14302635904361,88.50656400579675
425.2365918717328,5.18158127914342,102.28780777036732,0.6128273342444774,35.12767317681772,91.43224550632462
435.8425567599307,4.547434489988385,136.7148254200331,0.2722325472734534,35.86206710926349,93.39349746995856
452.491284127191,4.961516992044205,130.73071973161865,0.7631178700838783,40.84801510216958,95.14976639772621
437.41310864709504,5.197257446182088,130.77278588561902,0.3087099674300497,37.99011408292085,93.6354845066183
411.2334142233467,5.192814329270163,126.57713608214591,0.5736520419439047,39.40463871914689,93.1425027085827
451.7140743701507,5.253152452541171,120.29424986540985,0.333605647473851,37.321614789186796,96.01384386287266
423.44240715684737,5.968226761435188,130.0929185395023,0.38432985021276256,41.343973343120865,94.09051322530121
461.8398107658795,5.272120580908388,128.87721200612066,0.5278751250368747,40.255395313735455,94.72301034037314
427.01439414415495,4.853506018825611,114.68938933588464,0.45031605113874595,35.781138609905,94.4091914423962
488.74836012543847,5.578452300973014,111.39597340654649,0.2961353605859038,36.226638797194745,92.58905666141888
430.41866769159407,5.713682293354784,121.5278444289298,0.302561841452509,36.81955095258399,93.95420531704399
441.9484620948581,4.263435310917805,143.23530227242782,0.4508868728976798,37.04875474485678,92.2961547248683
470.33793043424174,5.3584400419099145,101.4133938651915,0.6543697869653005,41.218928414863626,92.39438489200732
419.2283920891511,5.420703645386539,97.98712101371339,0.7387787881086731,39.00958524705428,91.29335500014263
455.68649836510326,4.821461897984005,122.47141261854775,0.2504765973556297,34.48913520448431,93.10284629891282
482.6785688570607,5.825424087986971,120.76331552784028,0.43586234453564066,40.78398538023107,92.14124635694837
409.8129191359693,4.909966647780484,122.60012496555612,0.260147338233726,35.674939692840404,92.379543033516
454.6158464633076,5.075345872082925,123.6592979686275,0.20995548837955874,38.71150525251744,92.04841453669836
456.4970698562106,4.896156905429678,116.65196618047793,0.597031209586374,40.1795888226626,96.33248312128923
469.54557179443276,5.009347428548881,142.34795157903125,0.5614696651799527,41.97255264081401,93.82972458838925
419.07623222804796,4.342234947862879,95.98644032285227,0.29781146828893174,32.81087935288044,90.2245579027443
416.98858467289307,4.135969470443423,107.57254462829631,0.3402876998558385,33.88341071839354,92.09925564768388
463.04853914042246,5.956703037934983,118.45117859776428,0.21422465218671105,39.93913231831865,93.2698574787223
457.4246168308297,4.491823191009003,95.35216783268748,0.7009683234166424,35.711976978124305,93.76749253513319
456.2623212586469,4.4051645903262155,117.36218393351893,0.7848143576291309,38.97587601915181,94.95135850870021
458.6612052374244,3.707965931837771,144.92205248592026,0.2812757220768145,34.80746268944033,89.8683661194969
432.99938196053773,4.616622951386299,120.31329732443943,0.33888512825917894,36.12850513454583,94.6836795360848
455.8063424290251,4.206146123955501,123.46051358578025,0.7210457143681606,40.82464651384919,93.7959666147855
457.32681183246706,5.985209096081821,101.0975285224113,0.755878278773711,40.283865357698716,92.6032588245907
432.1412145493408,5.605890253605581,110.75457887940783,0.45177642968408627,34.050280657496685,93.06523572699005
496.6443627786189,4.587109792893366,114.37205429514094,0.23037348336144448,36.20955214541612,91.58375226620672
461.84582302279466,6.351461483206585,115.23427354865649,0.22363510021569166,39.979811403354674,93.61909935276564
420.2174125699338,5.589059292194957,139.22465692505654,0.5443699196414064,40.38388685580774,91.08411930838074
466.41384021584577,4.805101169894827,128.36536591087687,0.43573706533590745,39.13583356350026,92.85319681000433
425.63295824431697,3.500356571075856,103.32813064594453,0.21719145654659272,30.843189696026915,90.15397852876546
469.6771150935613,6.374565543554445,123.69757167648007,0.5499514353875341,40.16422226149985,93.08760330637277
478.9648894751851,4.166256519941842,127.47332622745178,0.20678152195341348,36.73345054661383,92.15080522524583
429.48294204120725,4.012760751825865,137.102235577819,0.6724231748895639,36.75638385366856,93.51622302850134
474.08440323110807,5.613542259205784,143.7081102985256,0.383859693622023,44.03726146277314,92.53452343321284
460.31952317341245,6.463851443803564,104.77358712258197,0.22415480180553926,38.98312798011393,92.73803953480275
470.55150399986223,5.830563691106311,107.83713733184493,0.553011332589892,39.34042125078476,93.46397063539357
497.41982456634867,5.338345472031416,101.13633211628076,0.43861064865983285,38.16580207748306,87.9241765014816
443.8652970999282,5.356852604999172,116.48970211339528,0.7842802480142899,40.52115437399329,93.9436686351064
431.15659589106275,5.512049335268185,126.99537561669501,0.5265191975022214,38.640575873112084,94.98775438293913
427.7621392593619,5.455357153872059,134.81001774883651,0.365143508622205,39.61512824454694,92.99005199747296
429.604742875864,5.1687148543816255,118.86073464536216,0.625663318780385,38.904451336502355,94.51816164649327
448.07245726464737,5.062520662371126,115.20228715117734,0.3628952015256268,35.753286715766784,94.45125782432511
458.5287993704161,4.962444123260287,122.2763698837311,0.7425459748445391,43.386162416199014,93.3374049801054
456.9172699832505,4.547621246679994,107.47285647554966,0.4248331823044259,36.383408387602735,94.10125308024087
470.6795812259006,4.831594953879936,151.3430808254216,0.5299211376657231,41.99726763082433,91.47674073330803
450.3250472969477,3.9842259114827687,95.88508459322912,0.23034386229453732,31.868124745329794,91.19236047388068
486.3383519289329,4.94099622392315,122.77110868343587,0.4556727427713385,39.90364918501264,92.08179558097471
443.3835791690511,4.406845335709449,150.3540932884446,0.6994181237965971,40.750920345433286,90.60926310129467
518.0042291647404,4.337846409670537,120.10199766839996,0.6833892832180053,38.367052891700396,86.2502524030673
465.64168369412516,5.107936490692087,117.14941447497759,0.3345911353121158,40.5485596476973,93.96364122237442
428.57106108959294,5.835201371806759,114.6383186578436,0.3356474426063376,39.145650264541025,94.67397064888075
423.2276875484722,5.5509899636013875,117.29412477356388,0.6903831873279421,38.88580944723977,94.5404311241846
462.0618103810796,4.057699637826094,140.59272712014794,0.7582390521015954,38.63440319666801,92.11195502292028
444.41343036685373,4.406223118057797,86.8220713300574,0.2572165527638022,33.49613794979737,89.87319968799893
467.8500123523023,5.564462712792929,143.0015055194449,0.4700351836557352,41.20045172665354,90.4275708267736
461.8309406143386,4.410507563877014,98.64064271324783,0.4024725673785374,36.083873764220186,91.52526031751694
448.17927718357817,4.865220110001785,116.00021506148377,0.7224130732744636,39.71125086952221,93.16126717698423
428.8301570482899,5.330031259414731,113.56133369552008,0.2501149488080113,36.3212236450323,94.77109903869355
412.1288193828534,4.418993327081819,128.8282990465608,0.32667556553482247,36.95340178022135,91.5031694725456
438.8371261983245,5.063225303687576,96.02813472174378,0.6514810025518967,38.49298150598339,93.22966414201699
471.4099698580868,4.199584703049077,126.93258999122914,0.23077630938872937,34.30333388603048,90.62624007769178
455.3523436032551,4.639179413629272,150.36464434930278,0.4955212284285736,41.59450945611833,90.87438985571175
418.8565305322003,5.191869160485522,99.55238993110784,0.4652642208078321,38.255804717723514,92.65383050822932
454.32952314627954,4.044203759880999,122.84559251415594,0.4006407073932492,40.756694005400455,94.41517706644538
459.63293449322094,5.264284842776239,110.07026733305086,0.4367433891913543,36.273952200380556,94.2835207219168
427.90356409497167,4.988217320643991,126.38830809289554,0.5179643521581399,38.186270063522315,94.46321314950686
453.8431276486382,5.331493972650288,120.28721666123629,0.2968204150330299,34.21906252187098,96.18784491255529
451.45521796114997,5.134348480438796,110.37769636433535,0.5431975269701557,39.098001715426015,94.4675882140156
421.42574255423443,5.818484257984307,127.3180842730661,0.6832593975799919,39.613161156314874,92.47112511435566
458.9446840087071,5.075134701588745,147.06522164680115,0.6560965578740955,44.45088427724629,92.63555824458125
464.01961315920585,4.7423566753248485,117.13644312409052,0.29233994281626424,35.30201021690064,96.57632499406557
477.07628107938194,5.07337850181937,130.79636913222274,0.2895496818448844,35.84553759219169,90.72608676716781
476.34505130087257,5.3259788174218325,100.60090563193255,0.36090462064694806,36.856959615431954,92.92633502380889
415.5582658010727,5.029316042195423,105.65345434772986,0.41664483580462236,32.384233798469744,91.8389893140755
426.5543740021219,5.024355014722329,127.08609416820566,0.44507334884508964,38.418415609199094,94.29212874818695
462.8758816802165,4.578804987315947,142.26174042803947,0.6078183301000073,37.05751074147531,92.28937299785082
462.8446487728052,4.602259449469431,125.3342002317849,0.23400825929950125,36.23265742003502,93.84313300321364
462.8761921576512,4.158436836920184,115.30412954215268,0.22080362253563984,31.568193015792364,94.12347654895721
546.3182872663681,6.049746045912164,119.98937108135031,0.4351463377663455,42.942360633503434,78.64326354950137
464.27226276732915,4.253682058765229,101.24388399045424,0.6182982152827883,39.71360421186694,93.7877174396722
478.38914100451495,4.584256881322456,129.0677298953305,0.3160612057738896,38.20075330362566,91.88443485890399
473.85004408733005,4.568955640658482,133.23499593485113,0.5849026887537511,38.55620277535215,92.7067886356185
466.28478128264493,5.536954626166665,113.2186450075038,0.35589688276417974,38.21139810756083,93.48145547854014
442.11826888399133,4.823030193024783,112.94936778360747,0.73165166528811,39.02338580019226,92.47662461033666
468.9742305123317,5.748645243604241,123.98817344478073,0.7374139665599699,43.15407831691261,93.00285148619248
430.6793696365607,4.595905625453679,113.44920395939107,0.37837232256879594,33.283448184471645,94.608536634073
444.07953483149976,5.167396497334281,119.00801078061266,0.33799625237794434,37.79779666509301,93.42033295366166
437.8659113042724,4.498791768044145,151.49582683749773,0.44678238323973885,34.21988286341398,92.5544244382727
452.0468534846581,6.287089476664033,116.29461448881005,0.3443189511080893,38.186036847029186,93.91903378872532
507.8664641668377,4.287440948582292,114.62489771968167,0.6034303059750222,39.0045778214254,86.99026120715496
403.3183701852063,5.185892426136217,110.28687291547261,0.6956388107289714,38.599654274320436,89.88324557566732
467.15650475936286,5.380266128559259,131.16287957249904,0.6038552785467303,41.10530050352027,95.43383164159488
409.6821032202587,5.248279458470899,117.28163740172846,0.6946102683496098,36.31962296417412,92.10801432239934
438.20170335526416,4.888827404673375,110.25940442517862,0.43819529732448453,34.97159441800372,94.40530039406332
477.22376492418414,4.9221075801599445,139.81956048409518,0.2937901824253165,38.98625934402462,91.75657130222811
451.6070004773866,5.026286883187466,141.29404506770456,0.6427705684385554,40.61280264760678,93.54751482146641
423.05638055176735,4.911798799022907,110.99364651391943,0.4162847030849324,34.88470331137294,92.73068640578298
432.1174072685008,5.578327470076946,92.00190072959076,0.6027624951374796,36.94664905748585,89.55194438704106
466.9899437233669,6.326313800954811,135.11270534755383,0.3623863651890594,42.11706782875797,94.22089320755286
431.7408342070716,4.6655049289953,109.73055261359994,0.2487377808840036,33.464738785058614,93.5775748953641
455.4114647395494,4.178118212252553,131.85938398744153,0.7955490772926581,39.880890163180716,93.67845860304992
451.13929599759535,4.947030770989247,90.44844273432247,0.2937209047583596,37.981805911931495,91.9769595364557
433.70999130985456,6.547825602592591,133.38896007448963,0.7930525963780888,41.34672015722904,90.59271180661216
503.59860223313314,4.517795259218161,101.83242106078828,0.7863679595398685,37.89910039852227,87.2362024271883
465.8479755579503,5.9834700832664405,130.96146178599787,0.6762908623448238,43.84756427531398,91.51542917686291
399.3714353335598,6.006620488445864,120.21409601754651,0.5956537772491985,37.74688567965018,91.26662085934777
454.6613578692357,4.667847054975203,105.69090870905033,0.5466842301506509,36.826151085859095,93.00208540462025
433.4553383807903,5.341389847511165,113.8944553060983,0.7196609272267009,38.37193542973454,92.82950402594912
471.3108333699056,5.977037973877123,130.29477685435052,0.37366371297169276,40.02839779165835,92.4421208450521
430.1869815391825,4.7725233554075075,121.58841679672851,0.48060872749092626,39.33600329717645,95.4509904493704
447.13158896332754,4.877851783938583,128.76619470708727,0.5716339816199012,40.16763299293417,94.714527358653
462.6246819745114,4.650991451630814,149.6466087677323,0.4467142855216947,40.72261796998388,90.68817426736595
471.64387985425304,4.39114596158428,96.53637582433423,0.45649187245416084,34.0895948704262,93.35409206271954
419.9925898236056,4.610433472960396,144.25818862452937,0.39817080050125064,35.2126109609254,91.9603689996108
441.6374691039763,4.265635839942646,121.5653390628482,0.5385390900107216,32.68725835068434,94.94790558476528
438.1263672209761,5.020450080955536,106.51823927515308,0.7103447168090697,37.42164569391662,94.53420054993776
433.6667691856572,4.538016061364815,100.04529561391516,0.32091702680378775,35.52020840872665,95.2389333435493
494.1363560070274,5.140271547074448,117.1631941383445,0.7606598232520649,42.908433032954854,92.70562741619051
460.1245427740239,4.066462612277824,133.8247516788669,0.6134525922489379,38.329450357356365,92.73473507835946
418.4779011416239,5.198528139328674,118.08676319433698,0.6939639276080182,38.69993348340385,94.29311135532377
472.9465486763694,5.500117376965354,142.66732395371022,0.533714415578007,40.61449967357598,92.5794700646413
503.0539049253158,3.8037586144571267,98.23236464922661,0.6677100208544382,38.51168207242724,87.07836434344775
475.81163151377865,5.2244339419085435,119.81866578230918,0.20972023840368034,38.45214562937545,91.26075468389116
412.0157508511497,5.736601395483976,101.21409833380321,0.6910282548677212,35.98375430377139,90.15927791764628
437.8941481783437,4.274215388785277,125.45447823937452,0.22408331545121993,34.9787603766755,92.7743683384162
481.6727787296656,6.003543432102622,133.3033108514595,0.7339480258177176,45.34172449103265,92.0472617847798
432.3082633595305,5.251411405619627,113.6885730947842,0.795177648343186,39.30495620348403,94.57797817239987
461.0954857036557,4.5769928865449545,80.93679215059299,0.3764404773060667,35.60118888959213,87.83620776091203
469.3658513357334,4.9665385534053765,122.98422220194742,0.32619113377147624,41.9249675185565,93.95860408306477
426.82673821054794,5.334996147513033,126.55107827600264,0.6592180183148245,39.38635724754379,94.6265305472067
448.511866098455,5.045603234847447,126.06442132442547,0.351815804552152,37.99091275755434,94.5212281644012
368.96831649827317,5.323253595467822,138.53673287733233,0.7193374299033222,37.30040691814744,81.09749921061854
424.39030896664275,4.447595844152381,103.93419480526427,0.261705555294486,33.582857752714816,92.56672840817521
443.68579621517097,5.101616494421647,130.20324158175674,0.27557311782761496,37.63752841356558,94.53840334366907
418.8054204508788,4.151771301857012,137.88761268716962,0.7874909330603694,39.09085289749611,90.58577954028216
490.8102825982909,4.93326436319078,93.32118623990225,0.6043033389620028,37.41644206420191,88.22658714509637
414.24646555098417,4.457655415121126,124.79477738878465,0.7081323346573718,38.055926346831626,90.67100706191967
438.9988878325754,4.55868203444614,112.43730253488492,0.39459762641091084,37.8618962467629,95.05103387752605
453.2685144321523,5.741655905126263,118.77715990347531,0.6058902497123627,41.11242644519257,94.46386112346741
486.0318322266529,5.654786072356561,125.21514725307505,0.5565450963851584,43.028138609181454,91.81473398171632
414.103446220514,5.365482872544306,112.69157153829671,0.5618900720737683,37.12310393326932,91.70124019918211
479.079093803874,4.344612341196453,109.86437881257582,0.609519475722633,39.57633485997975,92.25584879989528
450.2558265254897,4.810154930183119,120.51228626232037,0.5452155038774592,38.67987489943289,96.000805133668
425.46228372380125,5.72785861998751,103.69131091705796,0.4574374215815996,35.78324879807499,92.22432173801222
461.5525868565818,5.085030148183943,103.71262306672222,0.36555361662832814,37.240125565222634,92.44578407754676
454.9764923893367,6.391597723989016,130.19059924434754,0.6611487985479213,41.31701694663745,93.6255890211446
434.9945780710301,5.235990703636623,102.76808947262016,0.33576345800191176,34.72743900943244,93.19363931674933
451.7450521247505,5.115229469894019,129.99468751363818,0.6154125836926485,40.2841895120973,94.6084413358282
440.367160078456,4.814530121478499,126.93886939280927,0.33999969358959603,37.06303674415505,96.04523132605752
452.8379336312812,5.0801245428693695,94.11289906814105,0.5751981019726724,35.72225158467026,92.90253173387126
466.5532668630262,4.908518098171673,109.83653021496517,0.6482469602774175,40.85460940312162,94.248761590686
489.6504204036338,5.424865206013155,137.91164104571058,0.33122833334392354,41.133308733913765,89.3420048191293
419.0546125293288,5.574021390076751,105.28251703290478,0.23596598051678497,33.943009216003546,91.39397146900066
503.32583436640664,4.52840632369523,113.03393606535919,0.2785842457965045,34.9884976929275,89.20653871713668
401.1978050119375,4.201260227865333,126.93091339877844,0.5635981803626153,35.517463988840575,87.99445910599364
446.2053726241104,3.8982767761380224,131.75085763923894,0.7096678437354413,37.77859173945898,93.4350786463282
464.7079301621144,5.304794796147526,116.22691670933257,0.22699809274125463,37.096258269619646,93.9548759556404
457.02479669337583,4.337980036295676,111.03734707962538,0.6404907554249879,37.330847809511326,94.19308691155408
434.43251200448515,3.7082656442285105,141.3355479254776,0.4047911875700313,32.75945572476211,92.77946885741729
444.7969437410681,5.233147162718579,146.08349495696368,0.4871170219517136,39.290968108115955,93.19443494989733
437.6749766335292,6.495799710459674,134.68287076172692,0.7573157299073394,42.88050796252844,93.20787491706065
435.2658810763947,4.996357453076064,121.27977213847537,0.3991829028415073,37.82481974679437,93.48598520216262
471.2400524255256,5.503094464670985,107.8760141753861,0.4792021603636917,38.014050754944925,93.58672818293952
458.9253871491262,5.049097615128539,107.54333390165152,0.20820944885640869,38.08167882820563,93.77657385746664
432.6772601184837,4.9406662080853145,127.83771157898636,0.24895923200290304,32.99476530407768,92.63931356719048
472.48999688583126,5.551445889792661,126.27597331333025,0.35515495468087044,41.276751760010754,94.41541680642968
457.6824880219152,4.825835273486809,141.02397889419643,0.21671134449264465,36.85245404642864,95.21432261552576
470.321552970974,5.160435388443142,129.7567513880421,0.5788251956289506,41.80702977486608,93.80118139944832
465.7407210480903,5.193018683717608,97.45379547360272,0.45583901408097355,37.590704539767366,93.43907996317779
429.2751247269482,4.599145727814171,135.7792142658438,0.5288871216368133,39.53665043222677,93.34330371271061
435.99547399507577,5.595225409721913,105.0290905902838,0.30478831153779773,35.670233678192666,92.63348198998483
468.68234012808153,4.895024145982755,114.24043092071473,0.3775592176619697,35.785306026664145,92.25291224356044
465.2592566358366,4.546552904304293,123.75300309377542,0.5982946849116351,41.13645958900739,93.54449541855139
449.4774601508963,5.321905906142242,149.93501234675946,0.77918163417824,42.617861882500165,90.21274282183168
452.93318458271955,4.460919210925377,166.6487783400804,0.23025006416132554,38.32024688710621,89.34396267180144
481.94162239471063,5.016908694421477,129.10084588704274,0.7342305925131598,43.780123910142116,92.15673914917492
435.21071527910425,4.994528602013478,117.25205071919419,0.5461287207867251,36.254800041092224,94.17693429008365
463.67743452925095,5.6515373394989465,128.01758472720826,0.5383517400533743,41.60096994278652,94.97079682807995
444.94518368915266,5.2848189397279715,133.31483138810754,0.5001671211246563,38.42586615666582,93.23039467041214
444.5579699193195,4.984983824752914,115.18998561664212,0.24163645154251007,35.40152639720008,93.57030169030544
477.46942129967977,5.490659779520172,146.92817033868482,0.25392611104169643,39.9374820118546,90.7065384967948
470.63540872470077,5.834124529410388,123.45106138787104,0.5605472033954517,38.9679490201922,94.55546063568063
470.33774090001594,5.334686183811117,127.46614633637091,0.404575142861335,38.13225912570292,94.3447485118014
482.63697017885823,5.006211571906029,129.98886378081693,0.7503608399466084,44.14548752162678,92.31717403037877
450.525096040819,4.212898260589904,126.32379915921683,0.44395432241568344,38.064570022450255,94.43684271376051
467.0488242823741,4.360931802154776,132.5841075070442,0.28596887522158465,36.680468301378035,93.65063064326867
442.2433310851636,4.816865177387199,110.74120220179616,0.6288313001012217,38.39989828339039,94.66453434812749
458.10415881221104,4.63429267870443,111.62547369080954,0.37601205286460593,35.930154260067155,93.39829730824788
446.7464236408079,4.887817218208732,103.49768650542458,0.515282184413536,39.034921682783775,94.1959923088553
452.42489912481795,5.0339899549382645,126.59251845930339,0.6186996713031021,39.40279749517337,93.67052602127333
464.8789256359228,5.317815652614039,131.6840475526817,0.7401584667212424,42.3372989252753,93.68655264076182
429.5444829191632,4.957700733164545,126.86659299227829,0.6753147168810057,40.839199167260546,93.29373202043776
502.3096818921365,5.291900986295721,145.11738650021306,0.6058166407236345,42.00532813955076,90.01638442939395
424.8495654625074,5.038684648886072,119.9160597175643,0.6077799094370862,40.45900162179111,93.60086649081215
419.6452846803067,3.8147200601876774,130.0311248338877,0.767554786419252,35.2989211623223,89.75447721469601
478.9527718375017,4.436398763708747,103.62448685791028,0.3774944584979216,38.825516724303,92.01064355874499
469.7915673490734,4.913547466567031,114.19350446288398,0.20066725651771244,35.533983077770365,93.91202033510977
465.6029954263039,4.2741831542953355,130.43306636348666,0.3631727356389193,36.68496723996639,95.28868871538401
465.708637731607,5.3599572379977225,132.73653166114715,0.33073482777604646,36.051323802762965,93.09750632625574
449.6938306788271,5.918450499406219,115.59049578503726,0.597100751068399,39.67100780566716,92.60878386165257
427.56864071285423,5.73125711101839,118.92601122212899,0.5802269598593175,37.636674984009225,94.32776440616983
451.89511395484317,4.871934277441875,97.23189379978785,0.5560768296228343,36.21634500449884,92.01878085046438
433.0709572121972,5.894435682109971,114.64456198790086,0.20974606592567224,36.28349831428194,92.59062650865548
474.37799333544376,5.089200474321267,133.3557474527968,0.6372668326703885,42.67184751743631,92.86157557978825
446.32356546244654,4.797748417329176,128.62807524159848,0.394118247491295,37.670925291217586,94.55759103148921
429.3625700801872,4.631958401875436,127.50998582071814,0.5990335934039788,38.41641080315986,94.48133285326172
441.96535395867517,4.818518188107123,120.7466053077144,0.5339470571012921,36.22504058894469,94.15001464531329
460.3232863568906,4.767093908875263,120.10594737942264,0.4056385552567443,36.124034640666316,94.39846773502022
435.90688617990065,5.1022497334252925,110.09518290789829,0.28074576026246467,38.170089551462134,93.90123834834259
429.44449011083924,5.096344388629919,130.482426303038,0.2566513385962886,35.13055423877515,93.49372183928395
456.0921802872978,5.001827612092049,126.31459416584084,0.6989109998673342,42.90145294023267,94.58744819588567
456.1241642777181,5.26216290184781,127.380282719892,0.7510385252489349,41.003393161298476,94.63844304098754
437.32642061572176,5.714387764871804,112.1094773599863,0.5898728280585799,39.227937971681186,94.86292233356002
438.22404235954195,5.569732481264794,87.69985620193134,0.26206046891629003,36.5185030244494,91.2727920470383
455.8012484339409,4.109061218930058,136.45729067630543,0.4412163301329445,39.25336684598161,93.91108761947555
413.7978914625669,3.467647319058827,112.81743815987394,0.6373635200630945,34.49541644248713,88.61239024019656
414.8134056405861,5.560591946743564,107.0583635393532,0.667892530406041,37.78587920508907,91.59466311236704
432.0388944686891,4.179872780950747,130.40218367870992,0.27093117337465317,34.713026519395406,93.55182150533851
444.6638212072038,4.86514075886439,114.11981040121306,0.20001843130722946,35.498078581122854,94.83380055282129
457.7726891399501,4.2979321843643845,135.89904576069932,0.6272822275283632,40.556341593627394,92.90455536677344
486.8839054237388,3.918811737451988,129.25508924365047,0.4139577055917234,37.602529132207174,90.36874507709933
471.44149058005047,5.3248776369228725,130.25353984800716,0.3526887989709562,40.007491599346,92.93297794711657
446.00153675091434,5.455493096181588,99.51066433199199,0.20773848187371527,37.750036356479086,93.39568632647872
449.5245948024328,4.654093759563969,138.179159780796,0.5241796440568999,39.41450371701259,94.9415853404815
424.9367658840548,3.445374624713054,123.91875796850785,0.7106904412555892,36.78727325200804,91.00152674967914
449.5371716001903,4.672253331048511,114.46084291130695,0.7745789877635529,37.177459099046665,95.12640384223495
442.78353402699656,5.2350824032415275,122.15082701013377,0.5394469703679736,34.83301986522283,94.94878737958226
458.06796400845224,4.112653058735523,93.3564715065252,0.5086767966439365,35.978860323450284,91.98538733486924
429.31922641119195,5.110015951867493,126.12979217221006,0.2510338312935447,35.80461960356882,93.31494788848028
462.9836628560293,4.990814090496203,104.55942737726893,0.5293236809255599,37.23879295480284,94.68727998267968
488.3184728250644,5.347574899760653,99.70994571234698,0.42798744737923683,38.93016536062598,91.01577507787438
447.28099628857854,5.071748221048492,97.16461220673163,0.5642811685301462,37.27390713628014,95.65949986347562
460.04279305247354,4.416158635471067,136.69032562484887,0.43323580872592804,39.709773649196066,92.80200281498274
467.25359979277783,5.717942900998695,110.56104909460817,0.3441794740702201,38.498706254135485,94.04885301014431
439.9694882028541,4.904882256183818,143.00591564874748,0.2569791651370259,35.94337092166084,92.20204927428036
455.6023120452604,4.983617276294041,111.96297805421554,0.38895106675333746,38.509240154858254,93.77529040772477
450.3148100195449,4.440039224556083,94.3896306361058,0.2579869005726514,33.406239435310994,92.30185401701888
452.4419024637208,4.734030649285094,103.2521334007701,0.3061381704943904,36.05296966077179,93.92670256931572
430.67475540361335,4.46911837158386,138.53717430010408,0.7924016951477277,39.20673124489435,95.23090465122851
450.61275435647354,4.896232364045947,117.66152733095,0.46646213414397125,36.654376814304264,94.78108539985574
462.4499572811362,6.027025088085406,111.77569055264098,0.51912305990301,40.33242170746026,92.51015064364742
486.2785901948761,4.176859314241186,122.40027338779181,0.7241711172423293,40.12611867995085,91.67938457814385
473.9817706521302,4.0318631612739555,127.52674104251318,0.7973413402944127,40.96670025433467,90.14802769108434
503.8295614377889,5.882702196496165,136.7609822385369,0.549628669606809,42.94176607240673,87.62697369848985
430.8163109277988,4.87440579370888,141.7274884483939,0.687484292626503,37.255566838048004,92.56992416305572
471.80801591801696,4.59855635680405,114.60347031316371,0.3961646146020052,36.54608638919125,94.54087377138556
454.5835501434588,5.623942812437646,100.10928470876942,0.3834463744683747,38.571294847115006,94.32456103365166
504.7450733304418,4.636630676157882,113.79802258315085,0.44162223259673616,38.45053324720014,88.25409717932055
429.7925428661212,6.0956058281281615,123.9042075987433,0.6035043576041895,40.05650441826184,92.94098790596553
429.0069539454806,5.406755522803562,105.54361610684083,0.6093150135530594,39.57913993255947,92.497543876526
435.01518386389944,4.7072531551125785,105.64273627657435,0.38914366078967055,34.25741665578206,92.63758135535669
396.9026068922548,6.294384927959302,125.15681822324828,0.2799259544819772,34.640609047903304,87.86364358967299
436.85612445798097,4.6365710461979965,119.27021472644323,0.5794377538793052,37.37084109680842,93.22314642573832
431.0216834611575,5.4452572232055845,120.4919549311738,0.2769955173132587,35.76155084771975,93.30784285292776
453.75984466190516,5.179575548243895,108.62256997949896,0.5470955049375981,36.918378531956066,93.54467364001896
458.543899394429,5.7810447736392785,116.54398928691349,0.6160532768337854,40.40563445636492,94.77208306716484
496.90427098039714,5.936906718036112,106.13650283597543,0.620366897836671,42.63098675540296,91.00667828661112
473.76059595465125,5.01920248943946,133.3529761668718,0.6520832663957581,41.18890017800373,91.84904471159581
435.5774086084399,4.54794927779229,135.52874002085628,0.7237156529393989,39.99132627815964,91.44366450098099
427.53963321629107,5.27598328576347,92.3071820664286,0.4999753951788731,38.856700876215726,91.50456704316684
462.29797928766266,4.593370778148737,106.05733709711384,0.6381495137177429,37.714304615406654,93.84506349599337
416.99416982448395,6.208032348515974,97.55206117364881,0.571503641219502,38.69690077245006,90.31978389324249
495.78646914635885,5.081921198649643,110.24964098389653,0.31198396387860955,37.325947049587676,89.78750036321502
479.4860030180322,4.7808070692127345,118.74843045314459,0.21541378692164492,35.36356938803559,92.36946174010399
438.2706086973824,5.110808183518945,98.25532170452205,0.3707248314061603,34.714035551623354,93.53034075081173
407.17163677272805,4.191724226282182,106.1721028031203,0.4658202238025717,33.21071917954231,91.26626743861756
483.8468093541353,4.417031576893609,104.94063941877752,0.5702635666571938,38.702289807278795,89.76200770315907
447.13650386868454,5.720248344766655,123.10900994098417,0.7099755983019234,44.77186623825293,93.81793935477171
480.9454077993365,4.605863432617163,121.04016505554375,0.31774743002369943,36.25869467979281,92.90532353507588
410.13930853014085,4.371853410390837,109.1739366999412,0.27532987393908626,32.40304571499511,89.83319567196412
435.0156244261557,5.321991651516372,122.65231308209097,0.7780879684845967,40.46936796291106,95.55939607039086
450.13109249295456,5.711422492797798,111.79979873119102,0.2648267356258443,37.706104268697054,93.31547656192284
451.17451484411856,5.43137198639904,115.9251733451092,0.4870946420643136,39.07104392443625,94.7559378873249
438.74836321301893,5.59762861148349,145.10178135447805,0.5513382372759812,42.668622499589745,93.10571227190215
465.5712483086875,4.545922946858323,140.1069157768552,0.5248246525444631,35.77093529785668,92.54104459410036
423.30948926543516,4.146913599954893,100.50628144608604,0.2516192942197659,28.859760485765996,89.51289611168949
446.4405128744677,5.900800191173292,132.44598626818762,0.23421614840217164,37.55573196438404,92.86701661963038
453.0073907927975,4.806392096694719,132.17094831737387,0.2632900564766214,38.45432903793336,95.08871581325273
462.8609708514687,4.849500190126972,102.77605066871072,0.5513526103235675,35.472451051590085,93.40308556011594
467.79037195222224,5.796916485109435,132.2816646563229,0.5266069325805927,36.784371381769354,92.55432903167095
421.8839477040533,5.333738005640396,143.0689787761883,0.3402444752220466,38.638949955991336,92.45483460405352
411.64714573160944,5.2735326632489645,103.1618279063338,0.582664485107355,37.17475601390545,90.7622466934686
481.9419205474627,6.299001406940651,106.23745768478605,0.6920405012333897,40.89113821514682,90.23608373979597
458.3078502994898,4.613889061771914,135.26492200265253,0.22494737590795627,35.074479249510446,93.58786491176978
431.28783658608614,5.556704076848742,124.07242966238472,0.4988779661288255,37.23433473109285,94.77276042527146
488.7787993880631,5.034207874938251,128.27214412859286,0.6135862472616143,41.38354775243078,94.06468703481856
452.8918658573215,5.161155367317954,125.10883824600745,0.35138715624181227,36.78390892588561,95.53474658614087
479.48242960159564,5.917081055847519,125.86043881392216,0.3846625431758895,41.20006563729508,93.53912646471832
451.6879620352527,5.304701453773774,100.10291807533375,0.5681827417936304,33.88567812271538,93.18918829102314
501.51869812204967,5.32297764742978,135.7097655993217,0.7387611760662423,42.40950523705313,87.38588233392815
493.8835210610801,5.643504402385881,137.5438498864166,0.6859546521817397,41.96483603601013,89.67953310761499
443.77589628802315,4.781028362274268,116.55913883897958,0.5498781314597502,37.36494926807265,94.93591091815048
474.2892737738589,4.496474199596596,119.34784575279207,0.6381330306543496,38.52408786289534,92.38479724362645
466.1343987396287,4.37311448358738,97.03338746166418,0.41889348212467925,36.886898794583374,92.35465745177397
484.2157889383087,3.820186046374399,127.71382134026753,0.5845793168592547,35.79542509880627,91.7085699985099
425.87691348549737,6.2337242779641935,128.58086162571217,0.47970895467653424,39.87654078920657,92.7546989429337
467.151286499961,4.33807498056699,119.06713474501034,0.31396168187453655,36.98781259953349,94.28594605185616
476.4606121712397,4.867247825848537,136.86530039805754,0.6210429643263544,43.78470346671418,92.90601195913693
406.03151283942213,4.833912020066648,114.98884153530089,0.5338787824092932,35.39001394444904,90.51995013803221
420.4185371833556,5.18444401868546,128.469088888404,0.41517294917215486,37.664957554178315,92.43601638356678
399.0191955559975,5.489442327523578,104.70503491961827,0.7468035140471785,35.39270003049332,87.22221705811494
443.26482913888606,5.516284093015847,119.64671773688643,0.21256047069603998,32.951257056295944,95.81946428524319
467.9385563948991,4.650153536858637,117.38468613145746,0.38946389074969767,38.51377247969909,94.15368726385678
487.5589263024007,4.899726971728153,123.37961883061412,0.23412883866658796,37.58933299990415,91.34599204431684
451.8523695104944,5.16954797029298,114.45709606749962,0.6599163897329764,41.293807043558566,93.74459079589973
490.7153886392823,4.8507853242898715,118.02791106492498,0.6212644724682757,38.351715239480136,94.47305216010675
415.4974635446277,5.9644073456119955,132.39070757162258,0.39881133124179025,39.2696180774115,90.25925462559535
407.4154390161211,5.2945849709829504,113.44853644142674,0.605397741324244,40.28019138630949,90.65720366662336
448.61130752758453,5.4409266716298905,95.9013434889198,0.43756233571757,37.62225801764883,93.48302340663105
459.60163622348267,5.397728761200447,146.24375856308131,0.6537522748534607,42.51949319009925,93.03395690868643
449.1826312976477,5.704084314491195,140.7218111803573,0.4725101976420237,40.47088139118421,94.2657822048419
398.31394749900306,5.108612935222224,100.61605957341573,0.4473678366989994,32.3876452656682,90.30590244944553
447.7719990121803,4.221900831226492,130.34561707867792,0.7608379492929807,41.45110147932494,94.1464921609536
417.38826248737865,5.239812771051585,112.45537844172985,0.35052745993442014,34.76244941365955,91.42140995547976
466.74181372075094,4.609185863724902,123.9523082299659,0.2722684039979393,37.338217713890856,93.59853401069246
459.1649561524212,4.682829990950146,124.4133619352024,0.550725867955675,36.32174942970778,94.98034387809759
426.5030053418161,5.351818411253056,116.48388299525517,0.7815930873705075,38.165981535845845,95.19354099876308
437.1533270665827,5.742969842860181,108.24351501620406,0.426703528236312,39.884349025507724,92.37289336103287
423.51966195277623,5.012762946041637,109.64188421525611,0.23722205817726894,33.91909586588275,93.92573992330219
448.4330225681707,5.185299807559378,106.25712126778136,0.4035831603857405,39.05486632955033,94.50656491482245
473.87855801253096,6.021328966781143,107.52266687654333,0.5035589925917352,40.156020425445995,93.39581632595763
425.3568488416114,5.144451907693141,118.99232564925967,0.2971538039793282,33.02821069886553,93.33452354571287
462.6011628879461,6.561009868508237,109.26360016333872,0.5948613308338953,42.96667233490174,91.47278708889388
436.743559540689,5.339305787378926,130.2307809856893,0.7986496334061204,40.398698248666534,94.27976415121945
430.1781791934414,3.9435423445065094,142.30869233003892,0.47104368558886633,37.660407632638204,92.4759986390671
447.32424100113604,5.45200497266272,111.29920137944936,0.4128371340381276,37.72504404722045,95.50640018552264
424.11894193951565,5.228695030929667,123.59106750803066,0.44042250010068,35.000575442626996,93.53811277272779
436.15876736632043,5.773851652449648,127.495276654544,0.2690877070371207,37.888144072687645,92.94284001832618
420.0530526852788,5.403908810761975,127.08003406378911,0.7299641608557343,43.288008010685125,90.94361106684796
499.11812832290974,4.916926409609736,121.13932901874131,0.44889539331281125,40.41419524561257,90.96388357267543
450.88158879929324,4.265421058226381,131.14023627539584,0.43236464685490483,36.95407617863401,94.58173918668868
432.5068623001854,4.8745860456283845,127.23373429020985,0.5958141637582847,40.088081844552725,93.17919113884811
455.34949776835555,4.48968772747442,101.43506366509052,0.46522005255867416,36.41928475836767,93.15220944025403
447.19179875772926,4.651685930117166,133.0373409658391,0.5889400812847077,39.26876907814227,93.84721156374162
444.4757600116694,5.353147042652366,133.30936255900113,0.23686777407847254,35.67076126517023,92.27088490440478
465.3541675010856,6.001942702610844,108.55070843732128,0.6882340062333365,41.78735015953332,92.23099017995709
468.9376927511826,5.2368029178937885,120.56906753171403,0.7643023717276416,43.085481112605514,92.54421926900504
436.7374713097368,4.282470162778889,130.24993489216604,0.5892592316956317,36.45292186433645,93.44493122032583
435.604543983883,5.266761600932084,116.86029270630958,0.7727395573152867,42.234630393804366,93.16524657779459
443.1237075712089,5.717978891987391,136.09467071649019,0.290859388621978,38.37230662417321,91.73899969349188
392.45197088161035,4.634130257408371,155.45808741929042,0.48644971368821227,35.92694198595479,86.518653612537
412.1202234450362,4.91958969999625,108.21020951047527,0.5610840403672684,37.81780340674173,92.93076557498252
484.17185668611313,5.008812916837519,99.28433095269338,0.549041988452712,38.30194192892795,90.57882910044118
491.12419283753206,4.529061012150656,124.55727893407314,0.440877067453426,39.937003142273426,91.62232555628322
443.7740990110905,5.388968260306315,130.82343757689216,0.40285064561975686,38.085680300178765,94.79195997815869
464.41392407639415,4.9274311108353315,116.53700439232847,0.2760944135302513,36.557169319046224,95.33430373631853
457.7812538635884,5.251719466344217,141.7989099498155,0.43504547033736696,40.49298386015243,92.55027884578135
526.9720202113809,4.46750469331874,99.92091300415126,0.2975964890632911,37.932761535569384,82.47863533815327
477.9893727858644,4.737525019805954,130.39377934547417,0.6406194058953312,37.602404284298785,92.34788773995653
446.80206021298085,5.433428814696663,110.9120876886166,0.32529856129675405,35.22750241652267,93.00146033612305
426.11148898498936,4.77630010874494,145.79066859310944,0.23513918317072033,37.66446831327902,91.98609555143732
409.83884199356066,6.036178310740043,149.88773029752178,0.5314196826903406,40.30509103509622,89.5182619672725
455.0865908966806,4.760218288631239,108.50015118324978,0.5571378396316411,36.95337138929444,97.06730851417825
431.0912313678924,5.134810835451131,111.7566429613713,0.7231478367683033,36.93902900747023,92.46843404122669
414.44365726005816,5.559554499123854,132.89381830469702,0.5461889674506092,37.30848074479818,92.40411265987171
433.83567789393686,4.148980560240181,114.19304025315728,0.4072885122340675,31.898784677308853,93.3183151642155
422.9612999096401,3.9435147128115347,119.31883173101643,0.6818071289157923,36.4784443365814,93.16242454810578
492.1785408768141,4.0846062112579435,120.38082630813615,0.5241673359124527,37.55796471025308,89.29598762996882
472.04099392373627,5.757550462056309,91.20490265703515,0.24756817077871507,35.24818827782467,89.3092657157552
449.8006839670846,4.668885112464532,119.79243380858644,0.5395103361879481,37.797464141386385,94.12371828357652
486.99860347225064,6.534919571400952,109.6540833890374,0.7448111272529976,44.326489335057076,89.65581437956062
451.93420769119047,4.661451440805567,112.60315766400342,0.43778757529893236,39.866267861644225,94.06464139720197
428.46789496679344,5.110730781918222,141.65448005203223,0.37779548113988004,35.59183872902069,93.19576113032973
488.07810193174146,5.925265971540726,101.15239658581115,0.28608167421081204,40.285471579828915,91.01033236609354
463.4727510921165,6.203655732895474,132.19807780121965,0.2908673131612144,41.42396587778202,93.28124664683031
424.0688461418386,6.236902145981839,115.81555604502287,0.45966289060509136,37.64677508691791,93.98445125105027
445.2415330479098,5.725019738355885,115.80359747256249,0.5574078944969179,39.827029787165124,94.87082300386116
428.10954366538107,5.614437515486878,131.85557844077567,0.24836924310176106,36.44220805174583,91.59448384120037
415.4300067258916,5.35551616952071,125.10076941853336,0.7637411534150995,40.15163763723385,93.23756553214103
473.154438688291,5.4670166456999825,128.55919495829298,0.6530801704671176,43.96869709113296,92.74085630084153
497.7354160117533,4.66928857020288,134.5227699079929,0.5519743509701976,41.70970641802344,90.6112393735448
415.03581065452147,4.5090806699466155,115.03037425225016,0.6970632025633946,37.9590182675771,93.55118092583169
464.0742309172643,4.997975325553429,110.81644898238375,0.248112054087268,35.547744214395955,94.2999236532116
433.73393577195435,4.897889226485043,103.72274210163303,0.4861033266398747,34.051664180381735,92.16993789352561
437.8218654058826,4.728063170403635,107.61884205031568,0.578055876116998,36.79226353910616,93.21739322277637
435.19015189402825,5.417832468474029,164.2364163796309,0.6971917436709736,44.4013356834559,89.56275581516013
428.4002307580046,5.5731831251423065,138.6701937110518,0.6700817360295608,38.557852581591455,92.35779536071274
451.21304069862066,5.053044131775108,99.73388450687968,0.3662415498280398,34.475332481912076,93.69910276005582
429.22624708972404,5.886518048633157,100.16313064884645,0.7645281017355228,40.080196628294715,92.52669030594073
456.76142064449596,4.314986531519897,127.22799092577738,0.27460750485852226,34.39098989965959,94.66634870881921
448.74404726377156,4.883804324432169,128.20897196066952,0.7250801711726913,39.045004190877656,94.65739350022345
444.02629882833975,4.569906607638317,128.23325752976046,0.7825641497627713,39.3059946241781,93.72987757797708
427.31090844896005,3.880078029756164,116.17566309669454,0.30629211393357536,31.44902738250455,92.31030300865228
435.58071673579167,4.95039158849438,118.1181860999565,0.6332396385222712,37.02575903357256,95.28745248913916
468.8847806456439,4.92695149497003,124.91819286239036,0.2241713112667991,37.96750785383059,94.15481319640871
462.52292969060954,5.9080698459452785,121.28839509439996,0.443253695083493,37.99772150331138,93.738638756487
425.56111888003625,5.378487010732867,86.71049440878697,0.5097699795186045,33.587702673454416,91.44765539084634
452.4833076357306,4.385487905402477,116.55300554137209,0.5483871355457806,36.428450482701415,94.50215632823351
468.78467808429474,6.1124555398005125,107.22890348609529,0.7615623489491359,43.377973349536276,91.41594208417344
408.2648679719657,5.732620217315212,122.62817128362768,0.6033504123765169,38.538421974080464,90.22182858925113
463.58400480949837,5.3492586220811695,164.77888503905115,0.48876677073154223,41.27202136314803,87.53816840274278
433.4344060263538,4.864109540690101,125.51222498211456,0.6858050217595337,39.176485283572895,93.79663728080291
464.264966714829,4.424336457965913,115.29705470741403,0.7703196925726454,36.99622396666833,94.91069994386832
430.91852108643707,4.776675934357368,133.8270225296588,0.21323968920937453,36.31235487141782,92.1953887704109
404.877947483387,5.6532491718225115,127.24031830813819,0.7895127633536234,40.896640161038746,89.947281181238
409.31143905292095,6.130751783560766,126.30141735677762,0.2516792834382082,36.385367370294965,89.39688398536059
451.20212366653453,5.925946116963313,129.10275889823507,0.6886320675612569,43.47889679927414,93.51766267291605
456.49306254303707,4.7066903469282355,150.84815347244313,0.36820085153084753,37.037016998356115,90.34302078129534
427.3920843723898,4.3282295400265935,103.03667347011127,0.2793077946523231,34.995022802249075,92.14330189519023
465.9648114694343,5.0845317481467225,127.10448115217181,0.463913383828301,39.36006604359107,94.1289888082716
408.461998443276,3.9389363806622892,106.10428305027692,0.5863739476685682,33.98098510247107,90.54983547462997
448.34800503381706,5.193900628510869,128.33268969513372,0.4285711070140851,38.38166111744049,94.93862692883754
419.72459500593857,4.911438448220799,106.21970232770859,0.2327392449696194,33.703771957738034,90.82101675993009
433.704097304946,4.7203780988790545,113.73949779592374,0.5596766837952301,38.97705215292398,95.34446251242892
451.18496678291035,4.043178159639923,115.5736512864314,0.7414419656664049,36.576055469978876,93.94995684923558
428.4896658679012,5.30816006394183,134.63725079017064,0.42992921956835106,37.068164695048495,93.51500782197606
440.3861113942544,4.680379496202853,133.77681665913622,0.32979966657849624,38.25958821922018,93.92309086545677
475.157320230361,4.298049898573828,101.31423935330423,0.4655464075596893,35.6527058455473,91.765304521425
435.5777032619213,3.2766426720310102,120.82401166499773,0.22901762662926853,33.75344626906407,91.83634011036156
470.89230280162855,4.983491056969618,109.3563021787624,0.692292550688165,42.45484852535458,93.96671745672799
421.75732863355955,6.0633509580018465,101.12242633986997,0.6958044865701121,38.81541380228636,89.3774315913534
463.24510444788206,5.9967555287287215,116.74474424363444,0.5528002780577771,41.773094498570224,93.26146328672041
486.0392155164475,4.725742246048237,115.37275817316271,0.4118617333630337,36.43462559882897,91.96084813389412
388.20888749681774,4.638672763782932,156.40074729518284,0.6798700186674701,39.833071408834435,83.28157253975985
430.0776186132381,5.2812645536450145,126.49439738041045,0.5328122148730203,38.860678481879496,95.20107592281519
464.4268031795135,4.400968736487025,99.33573748868645,0.6955593851300098,38.73299260645877,91.93794010140077
444.9238653489252,5.1810751398916794,111.52838993743586,0.5788752755498124,37.47723735835359,94.15919829826015
459.2786468342827,5.459648167030814,135.320749431441,0.6706432839276785,39.1912786879839,93.20912903301895
434.9003703321045,5.736159934330584,151.32664159304886,0.559137795930656,42.02868165523167,90.33687596679107
452.1647446868225,4.939907554112028,96.21025031643063,0.44848464092939977,33.243810802576405,92.9214651563452
446.108069115198,4.877795749893821,91.80113422291433,0.7747675159556826,37.854537557073314,92.73905526903069
479.1945515414952,4.473210447946063,148.06447763057673,0.5246682949273069,41.712548684845736,89.65180212726669
456.36052108253034,4.503871787576084,125.84421266056356,0.5630537111243231,38.70431911337612,95.01571674698184
458.4400665518801,4.864112664859084,106.9756090218545,0.3322925836488496,39.09239663650834,92.40694552785176
439.7030758469383,5.220419304089707,128.01943629183654,0.575390473656366,40.80683147687279,93.94933711037615
437.80984439818764,5.548150775739949,80.46378391474684,0.5429645896897664,35.689761342173995,89.4288306994766
439.1860453045095,4.518092629591793,120.05063259895742,0.310903038768215,35.43124088130593,95.96911969272185
459.86130355945744,5.895613141375713,124.91731759264628,0.23575225841188624,38.3165568658918,93.2578537718637
439.4753879794934,4.837325839374459,133.86405209306744,0.5626155918288627,36.44570474524952,91.94804978411801
457.2443714224103,4.987179623390938,104.79156071561194,0.6582153616101925,37.40931634009183,92.00187108728565
501.885019966136,4.551672992511306,121.28530742105039,0.5140408225532049,38.81671585038466,89.4825881049754
471.7781175857923,3.545455843836235,106.11863060910619,0.3360635751917874,31.25424090613368,92.17956062331407
441.84941169580395,5.53042723781663,123.83075633511476,0.599913186015821,39.929136566513016,94.89362399430831
480.0303480540986,5.44210633825546,106.56980516455464,0.24806343596576136,37.00209336164358,92.15867342750677
439.7981156744612,4.831203465729072,113.87848741259668,0.4651002228811728,34.3322610411286,95.80914618932006
399.04688662055366,5.040194430334923,105.06276907814656,0.29802005503905216,34.32847132234222,88.27094699119174
424.7978422270649,5.30956353062246,129.76704362735487,0.31067543063593006,37.8943632239682,93.97501361543476
403.2302019743536,4.062472485868074,132.87676674985,0.3213763694949222,34.32582723278439,87.53730625166189
441.2121628989673,4.6825683935922235,116.48069145063879,0.4320242342263868,36.036042722460664,93.78586750957916
450.4604594797388,5.476558807773096,120.57356992440043,0.2306901233722386,37.84332264325084,92.42963849682172
491.91093280688204,4.24742634609845,98.27112878049684,0.43867606455745894,37.74781151925701,89.31249190432031
458.1731843441041,5.176134759299978,115.50485027989819,0.5070244682688205,39.09156205802811,94.73430427708723
444.5224867797784,4.186050917225957,119.24693074437383,0.4899765709797952,35.15350115904651,94.52157960964627
470.73513952958723,5.279857989460115,159.31189636544963,0.42967046024182437,41.74412857434004,89.46348939400819
394.7216172748029,4.97861511062151,103.32049461338755,0.7034879648424515,38.37072626189192,86.79480511045467
455.89036395271415,4.030920910456694,141.96265858128658,0.2871960154523025,35.41165624750863,92.17971555257435
469.27162984717415,5.6988436126743025,134.95288160198712,0.5034180462688245,44.30020997166918,91.69819651254923
413.035343855504,4.55924505392117,124.20954606735205,0.23722485017393258,33.28998001573277,92.86947836016786
478.59385108017324,4.513848537791372,146.379307262927,0.24269340732674588,38.04159762563119,90.254825676465
458.4624101873604,5.120341518338566,125.58158208910294,0.5443195098062579,38.43583375029056,94.24712751632129
439.61780215247995,5.689182409657229,125.83738793501894,0.5396110549326927,40.02727839292528,95.87860477003447
465.8195466526571,4.390506908612962,119.20319020473681,0.7268201077066743,36.889114036594314,92.54656828347075
506.7673214451099,5.037007909908783,138.35353323627942,0.5347242053960439,41.097250034760236,86.40805693925778
454.54665637646235,5.2572899001983435,136.44703850716326,0.7758746122429103,40.40062548326574,92.38910739211516
456.2055146575084,5.415863364357887,110.6148406875568,0.22921690903995787,36.67040787755604,93.86592641896056
438.5159775114939,5.105864933166335,100.21129208101848,0.25880461086844464,36.30598145523118,93.51871956813025
428.7538907633802,4.779783296550007,116.95529043906514,0.22643951694222886,35.551608406878785,94.17159136348862
470.75839541360614,4.503445867610768,107.9994215340353,0.311166110200124,32.3483435105984,95.79561299803652
428.5979043522783,5.051686329827825,119.04713138076967,0.5247620665650069,40.64098046253927,91.82470181287682
451.7891559304848,4.3567165928086355,138.56157202026208,0.5873433088564568,39.36901680727362,94.17665590125698
438.05856383087206,3.2471897099032354,113.14047517369815,0.2273510947692013,30.809772588896706,90.96393985469341
461.9744956436598,5.2619358824946,119.35764928032637,0.7675825339073596,41.488275520801544,93.49787829108112
458.3415526321737,5.5423609046517175,120.87034102212593,0.7052992259902287,41.46881073666346,93.6662859323779
475.93849860644747,3.5822405386748972,132.72646323307927,0.37796748929425594,35.47262754678417,90.53256132851526
437.2495900286313,4.394161577174038,86.29665999023092,0.2463125181358808,32.844649185572536,92.14314267899093
443.2531266176657,5.371492556603119,110.89949557852054,0.30193224393143436,35.55703092132449,95.0785471203218
425.53090710544234,6.23449728182702,123.16925538419208,0.27616664825298365,37.23627691154669,92.17559263941662
438.89266849809724,5.012476224605245,138.0011843464029,0.27397026757936815,36.02057844199982,94.72330216823167
459.4325123261213,4.5631982352625196,112.62146328740693,0.5111370131994404,35.288434284747844,92.99256915523276
468.9247154161338,4.890262135337096,91.85170940937189,0.3475084654960402,36.06938545410584,90.38036310806683
426.9458668955594,5.824925851488911,129.29567168949205,0.41488382991748674,39.51746130398634,90.89745739729443
471.7401480026415,4.612421492525279,110.46956416761556,0.7937032000305935,40.9220894510674,92.27256353082686
483.89094647012377,4.520484796009848,102.15500011364458,0.6105885493552069,39.73640677223585,91.627387475917
460.33587258059254,4.710353886690781,110.63481915430164,0.769388400228201,40.17177856537312,93.97840143892576
496.91989531395166,4.428002835044772,117.23211963516226,0.2855339330198694,36.36631131058199,90.09369511691249
430.65527002241066,5.073602189596877,110.92883003192681,0.4292836848995416,37.70818981992952,92.54930743573136
418.8836324172146,5.974807075081737,86.91650914351396,0.5328390819694127,34.951424926438946,89.81431966842614
405.53199377739304,5.1938475638696175,133.45599295330697,0.24605483713324283,34.19499656655667,90.1956624559711
487.4011077872296,4.848587898724228,139.12312561918083,0.20251246617677474,36.74468968862298,91.11195559192916
466.35914140885143,4.824913238650674,129.77282987009258,0.6022606002781505,41.56374816906499,92.1772880539772
448.61038322723863,4.062085514782006,102.93471494362775,0.5850917100808612,37.52716860417183,93.67228526882053
456.99921565799553,5.529865866288295,116.97762699078723,0.4464732859997671,39.555128948651614,93.43932536270849
421.8627738175406,4.953297681792319,119.90218027155812,0.49378644561921964,38.54276395899274,93.01718729557994
511.14379949042063,4.891712051845625,128.98191584342865,0.4492658003552538,39.26495085276872,87.78523933385041
453.23052954938066,6.915864540706917,130.02510733077122,0.21440302690693333,40.61740069014088,91.17975803394674
452.73486986512233,5.179251745019411,108.98739301832256,0.4012229637304775,36.993313584008256,93.66590828263617
468.1441655974673,4.548925369942889,121.22993334620341,0.30624935323837393,37.90794627230246,93.88022429515016
462.02523079341785,4.744185442276674,126.85920606922862,0.25905451346082126,36.531695150846716,92.52131551956266
455.5971006069783,5.6890674255180524,141.8373348322015,0.7740322603336101,42.58928923019747,93.67640417661153
430.2381386138672,5.067962246322659,130.56759809737085,0.5596158350252994,39.454202931821605,93.64650378514534
461.7867089283999,4.13703321300958,131.8358503106328,0.6371937705419617,40.24008307431375,94.67408848603954
497.0506124118758,5.551537360745122,121.25739941894041,0.38921824595967053,39.26146388635984,89.6996693518784
483.63550115387443,4.599113548676604,141.15688717805256,0.43588827769640914,39.48873037899873,90.7094380496767
489.8296656659849,6.123978665730528,126.14644193939246,0.34215439633803413,39.33470896155969,89.73968812411373
437.21960808922034,5.648028839428789,107.08368134739644,0.25817940257925487,32.39860080977905,94.2452325222195
425.2598794935355,4.73160686260475,141.05054955187785,0.3074189824649503,36.75036181238284,91.38271732053518
446.85532699750877,5.768609817041067,130.4685490880854,0.6785084271778916,42.427249147664476,94.56851502653129
451.39312280721737,5.040713306316442,113.35433968307277,0.6065274831102656,39.17558932315487,94.38906072096336
477.3547879617737,5.511664205073331,112.80760548901135,0.5281573255912861,37.084559445042366,91.15649334795779
407.68838425712954,5.290839690376685,124.44863317711143,0.4850539237200609,36.652122048235675,90.72031200526735
488.23875798651534,4.4921860070054755,126.94777192901377,0.7534605701936747,37.93251436928408,90.03143383027374
446.04980253552526,4.613870100609523,122.95938398446809,0.24364096866720106,37.52820073240512,94.3313840800333
439.3279732513145,5.617976490548696,124.66963010164328,0.3683604879427496,36.4834564495037,93.07224397524361
424.69739061849583,4.799134800736075,145.4993606186457,0.40996271214242846,39.519107014512784,92.5977476735512
408.6285832033558,4.757810922054802,136.0731472835233,0.6694554873276728,39.848040188991874,90.43405195626573
470.57926459904786,4.426926452390388,122.85953386897536,0.795508772097183,39.176394878376506,92.98952683265559
451.8329491797101,5.254159439356076,134.11965871151224,0.3444023088542919,36.63402552465279,94.805715697598
417.75097750647365,6.2375149515458865,104.5121414470869,0.7245844004822484,40.53052502830425,91.53562691507533
417.6230306984096,4.359480251447437,125.96890574920214,0.6983736562590749,36.43062321979189,92.13345215978009
441.6053825177468,5.0145316740036545,147.13959524599665,0.33479443858506,38.35083050059404,91.65967564893556
491.7255381322348,5.847332333249257,116.72931156911439,0.4395995481195336,39.99053341803081,89.10833372752829
443.5102162159099,4.9522151652525706,107.28549107071373,0.4458037215755115,33.98621756123949,93.71941483879165
412.42142617204735,5.271423077749841,110.21866667110409,0.7869324011159351,35.548295767338644,90.55388787420397
443.8564233978514,4.362563883111872,103.65550443986417,0.308535140827339,34.63450969126789,93.61181259983867
443.18191075630824,5.256984258324589,108.22857137808445,0.6794947826628692,38.27718401972868,93.83560109834269
382.5778339264607,4.8877134409972705,114.44237852114956,0.400515628503866,33.34203056478221,86.41451080800708
448.6426283370547,5.591437997407918,98.91649471232037,0.6385222074656963,40.09725662992191,92.61644288790806
444.22663674478304,5.712431630938851,120.23427500924404,0.4520066025773978,40.64171514160374,94.45165673967475
467.40515912033544,6.553738185211168,133.5341576067997,0.547015857869924,42.472294335518185,93.07962224313479
496.2239023736336,5.347779903928146,106.38365729779619,0.6995670639956788,40.94361781148442,90.0969357533931
478.16412573869394,5.1954777899493,142.78925885462652,0.6824993389903306,43.25598984432756,91.49845822068598
443.2777827361292,5.116630580946402,127.66188132791392,0.7198539101238202,38.32418716126473,93.73399778342699
422.3368522814582,4.788100224313587,135.45870878436085,0.23577039520679544,35.86046976586035,91.52489460370813
514.3339950812465,5.203090306077015,110.13248169221794,0.615230331823847,42.29654286804557,85.44033637524129
451.4804608503622,4.822759153916582,132.81787840599924,0.28399242603305774,38.0015423363152,93.56330995496029
450.34823229782364,5.101076585761769,103.6209914940703,0.4494911408110467,34.103926708663025,94.9220252085619
449.3968728222499,5.790558521364776,133.35371251254765,0.5291530490328131,39.49129448964855,93.7356338676141
454.9521190191964,4.3960744608322155,122.57759009690297,0.4416436908480985,35.68142884362961,93.2622235369053
446.39098970190145,5.683927136677427,128.29876829977175,0.5117670054818045,40.02860100754999,96.16019795454524
435.6584498279941,5.790269040403919,102.36608091562722,0.7979157852791716,41.09523027266981,92.76608911572544
436.3285264689902,4.929158883805353,106.57395236585093,0.28113038822771286,37.21417290855098,92.29121593059155
449.18116824460003,3.7268870605948434,128.95842327380078,0.6052736272018554,36.5128896323455,92.9307365213556
436.4143807216559,4.635306807743341,105.77477993663699,0.4376005798313692,34.9010601701896,93.99712722224113
432.1788554330709,5.778196727936665,126.94809438148684,0.27980587934439727,39.267749053571336,95.05222193527705
452.6607556922974,4.98627916262067,99.49293290309632,0.29524205802458575,35.85811056658703,92.28055176976345
443.6255695644786,4.400418660623053,132.72261319000003,0.7695638637473703,41.68712133986156,94.54026369432373
487.5998247145672,4.697135047263069,101.51215027847236,0.7277608980270573,40.30474427909577,92.05820907082482
383.72575479017473,5.504372015902732,128.28449906519285,0.7442251762490133,37.172096246065685,84.70021536632626
477.2876712980615,5.328040140920828,129.38446400469002,0.7949196654964321,40.804711737666096,92.1871387374152
481.1521298124407,4.856640740498183,109.54842272355637,0.3249892340051108,34.83358938726023,91.43360231868662
398.1652441897963,4.779905352911188,128.73039850627092,0.41326360241843707,36.55344988469345,89.09525652061276
441.4328101479913,4.764945110573707,123.90663395000334,0.60153141795492,40.2637582202224,94.64416150378834
440.7139783501052,4.4465538893008985,111.91737215710893,0.4902815239163884,39.04369386758304,95.04540531520024
414.8122076320545,5.969225413681665,104.87167973885688,0.45103372002700015,38.50232259294145,92.15652389117376
430.5545828102281,4.806607718473196,90.56061462491131,0.4146867496013559,36.36946594626888,90.80747593702888
422.2356038633543,5.730295112495298,125.2447507094954,0.5562683791660714,38.29876293394347,90.95643551507514
493.80676108559055,5.912789631153471,96.52795842956917,0.5453560571840492,38.81519401763063,88.80487507667233
473.39195982868654,5.598986538888776,121.43016299161962,0.2968747004385441,39.949780544779124,93.57592686457566
481.788877374854,4.741027812369171,116.04827675876626,0.4830439025110635,39.259174111232255,93.12555053934264
468.04180160108086,5.242238054201966,130.18714163157293,0.5320830657259099,40.38676014681977,93.65580197382643
421.77370571956925,4.98548263616545,115.46931750765204,0.5421721632388343,37.69141055119986,93.45532693661347
436.88699334300566,4.457778883561923,115.05828320479363,0.3260643157474111,35.4962714660859,95.62104925718698
462.234364030698,5.194615569032962,130.97806056432444,0.6453628353513721,42.786994191938035,94.52147839425017
419.44680477770135,4.292576125304119,125.02587043626177,0.21511945689264178,35.669495475197735,91.63424375596593
467.8249607543097,5.712607633076939,124.74233935774167,0.4128991133258976,40.599755966293074,93.32993415671575
443.9918650460466,4.721229621620964,127.03901384712789,0.6681275891213803,40.49395377340271,94.32100369437283
440.62947981126007,5.120695793523703,96.96641815189341,0.5383357526332415,37.738196559609776,94.8460779672561
467.7739992050873,5.169972722927685,131.35183019980474,0.3566974595065162,38.05984575946181,93.61087952220667
461.106582787151,4.844657015777553,129.18703191020404,0.6169718716058288,40.986489839714224,94.35152412293282
440.975845854523,5.352016280885165,104.74975307135254,0.5404345664936441,35.78938225271563,93.54489361588007
478.9832450841062,4.715057806026485,116.33879289488698,0.6777461656738324,41.62956808173963,94.0610098154125
422.97341681000256,5.522778378474347,119.41039068558553,0.641015111713894,37.36089767885116,95.12020205920837
465.3983901736066,4.192412191851951,117.98254823397401,0.5660647532217409,38.19845340228224,94.40750700742792
464.8275314492096,5.075827747727847,125.00789949852802,0.4929066051864885,37.905587077642856,94.56282194600853
442.26133901715025,6.163357399434971,141.47050172746776,0.2799092754005141,40.34208466113277,92.06382198477779
458.15332555605295,4.399801205236655,136.22650091509243,0.3567998107312303,37.22287589353163,91.24060055188461
418.7221605903674,4.593353017685089,100.31671209852891,0.4514596837502512,32.255468114116596,92.47511020718504
473.1006754801725,5.308344709795349,129.33104985459073,0.5595795722038333,41.346596512272356,93.70121955510983
445.3774465889253,5.107749069163758,139.93399979303115,0.5082247131291829,38.604002715418034,94.18368395056558
436.931924487024,5.210378059564135,125.80212781033804,0.37291071557571775,38.70909096114248,93.68137391722753
476.22523064592224,5.293512278088598,136.3647063777895,0.20387861467382634,38.392231159555955,91.66618426697453
432.391407736431,5.380832881137062,150.18405668551148,0.4977435331404884,40.5672786398406,91.11955050667945
414.788467590911,5.665819905173734,135.3556431916047,0.3713755931373459,36.4460044370214,92.34752480017016
411.0842706619024,5.245891194157108,123.73962893462593,0.6407649804263211,37.552474208305966,91.3435294886521
465.150248783641,4.855245407228875,135.6763271112713,0.21436775916229012,36.51301543018059,95.21690922084821
417.98926618759293,5.403544220721638,122.17331749645336,0.5508966867834746,39.4685765092215,93.21631620150977
493.8698545496091,6.139929160937129,120.35854564927433,0.7648845425036392,46.663321382365005,88.27394203822595
397.95176480290695,4.920419752170456,114.72878646429402,0.3046455602668997,32.88796018840162,89.05968578640402
492.4114092072509,4.4152824171976155,143.45120038248163,0.4829896944503573,41.73022651478402,88.82516269254613
455.27543668006547,5.664248401572184,107.72357001086998,0.2548531950902829,33.65438822481846,91.46406846716268
447.5821722032402,4.927771301627841,142.98551587017175,0.5754091473568117,38.16439526048609,94.95311143421499
436.37702282977625,3.696398272391578,127.49796185610558,0.5303190083577354,34.56285989744394,93.79645732275098
459.97840285880176,5.508453006290253,99.01040737797088,0.44441931452769945,35.7815674504133,93.78084800689297
449.0591324393788,4.678803088427646,125.51473939487133,0.5128262128842448,35.642322338829786,94.9885460862879
477.58254705041304,4.9456800306175035,88.49960238522564,0.7379447950814062,39.83855880909952,88.6642611467548
452.855691216551,5.1991881983414086,129.38262025246553,0.3177765813866402,37.45683472532584,93.93858848237416
453.75754403654696,5.1142998078674395,133.27847224483486,0.21353870702320835,37.6301675029067,94.61765688908598
440.9096946946536,5.425671090283424,111.11466066521919,0.7169989308194606,40.84117586594742,93.02499991434931
448.5763594069733,4.738708177658094,121.85321543933374,0.5462702494327439,38.552509507644274,92.38212773528045
457.6950442223015,5.30786347890565,149.3123615062543,0.7343950732771056,43.68250307173989,91.56147062950495
407.24579018358435,4.84427199344965,112.41379943607095,0.5581671340479036,36.11538780473683,90.98327792144572
416.2953644473572,5.4432862885325015,104.11638619415099,0.6860966539758215,36.40499621824981,91.67243303449297
468.5816023505679,5.369220490407832,142.224951036939,0.4578040180130888,42.19051145430906,93.43281838230595
454.27163595319854,4.438736778773243,149.43880785796193,0.6499159587729613,39.4425795824095,92.5693703601439
445.40041659118305,5.65158926970502,120.0554350777177,0.7478248801339138,39.771408046707094,94.38545602020818
450.46084832663485,4.678421932931571,135.17194553112535,0.5432737782333239,38.629223556369745,95.40683191049182
458.6895426340418,5.484834678968687,140.1221387329632,0.30847109033742776,37.72616479523776,91.63379419660635
436.50600799226595,5.220372388040804,108.86273651192424,0.36127856901811894,35.65275778804035,94.5754899850214
430.5423818649422,6.102910206077073,112.72041246948197,0.3191867461384435,38.03973324515809,93.47568717220287
454.89613137744203,4.865920410576889,138.46311769732102,0.3481142165574398,38.56971539730405,92.49089716493845
425.5406805596242,4.790409922329082,145.27521418062764,0.3838492696106218,36.0849269906615,90.24103308282875
460.2063188928618,4.988348236467361,128.44321290261533,0.5330802720519132,38.62695647250483,93.8229934044152
407.435409894054,4.818092130299434,106.80278469746918,0.5527949776782997,37.41200864073105,90.14369956469463
475.7288909331411,5.47996514116523,149.80591667549163,0.4558998483451167,42.2732468553144,91.56443798320956
461.8149370603261,4.030213634938047,112.03543653282053,0.5692524678925013,40.11572551943358,93.12521721760011
456.40074335784686,4.367790548512188,114.97293328242823,0.24894495536681957,36.77818062212835,93.16191813537742
474.5672745986378,4.359318247052484,125.13506751734432,0.252672942234896,38.07539102039972,92.28441367080276
491.63686111156443,5.570184555184145,143.3124063107216,0.3030976762145951,38.63352960647039,90.45071852124511
475.3592516254533,6.026368023549155,132.80963964828337,0.510846498824207,43.062973404347396,92.39091325650891
403.97814421670887,4.9373304688775175,126.22298250542866,0.3283968072189882,35.167213818180144,90.2298267990924
418.01057583160747,4.898706966085993,126.9493279517716,0.3699706420955464,35.28834768078239,92.55499921279248
434.37953555760805,5.042031297867909,120.65272002965199,0.4401877017037965,37.46352558467484,95.77275099300297
450.65227625527086,5.697126981564915,128.3720927177776,0.687119674406228,42.89801987726138,93.37080253220539
462.9414755117281,4.443588119485655,82.05659883458546,0.2083172815477161,33.857299204506475,90.7331338275283
431.8564046711634,5.143021389640871,115.55088811395302,0.5896272921419735,36.86405561015999,94.41210389999516
454.669169111927,5.585118577869458,123.61982902375172,0.6013259186244113,41.581465665451425,94.40064231673449
431.11542669116693,5.300656501963907,102.73478874570739,0.679193468213982,37.42705252852207,95.56418586271185
434.7120549252013,5.113748969959246,125.7948497671734,0.7596517634361881,40.543160114901035,92.82647376093135
414.83347257879444,5.6006276555402845,116.93293168520817,0.2120827093695739,34.93208115797767,91.19295042012583
426.9191688472274,3.378060624200458,146.33213547473235,0.29227022330792973,33.94706641479386,88.17221199943991
416.2078848595917,5.406725191718545,143.59529587822286,0.7317027764335959,41.999125166199946,91.43660419834922
425.6031686755667,4.607554590123546,113.01291646322755,0.4751111373122093,34.33909851581254,95.22415380358285
476.341044915196,3.901620261886126,117.73743432649957,0.5387543833600782,40.36863200588887,94.28969821955894
426.26502777920143,5.306721559714989,118.89078651587411,0.5978163222338885,35.787048583536844,94.94175312152365
515.8095516209348,5.8241951270977745,113.22510785760566,0.6074399626973825,41.872457941766505,85.36710302178314
462.3329475220222,4.917530891223385,122.9253747604219,0.759044241989905,41.34806776154015,93.76261010329459
454.62090309237186,5.5717247283217635,108.62576896668615,0.7981696504470019,41.9933152259042,91.92526888636897
428.54105549546966,5.967366954793187,103.04076997593711,0.6320944765585642,38.971391168613714,94.3638238215786
467.5077469852248,5.788948672150428,129.34066835850402,0.3723327255230905,39.773433340472415,93.96584794339124
435.60905434405566,5.983978717622835,129.44294376332715,0.7278514413766062,42.40073715028724,92.63643537254684
453.05024536613405,5.445276494643135,107.93526360510012,0.22953254872445697,35.88927949491815,95.12893723962321
514.0021134567198,5.045260183340956,133.43033146143898,0.3386485117246978,42.4463327366688,85.0836598103879
447.59850250688373,4.038820512861699,110.52633406252002,0.7384314304782291,38.97187218235084,93.93194743340337
478.7318331571419,4.852362507122031,123.79747857056972,0.353714908663613,39.450330349156864,92.94443977506668
432.4205893718528,4.494052042810285,132.30516018918684,0.3323906357730491,34.53431686441261,94.13682502184956
449.12528773757595,6.302565630498688,119.49581152944431,0.28287517588414834,38.623297106631966,93.19964630830441
494.27001589088775,4.894468512540598,126.82111368211702,0.7154670545881501,41.463148292759755,89.10950279055733
434.3258235553058,5.073922884070692,112.25355534168642,0.5000349555146522,35.73318503462368,94.39982285969172
495.31121394992323,5.33089122562428,117.05300124857854,0.604935921832493,41.81096648961394,91.7409139336385
467.6937983863869,5.0261614678234725,116.91210853679489,0.3434398304450178,36.71061909663584,94.11940113895656
435.9383306026433,6.017030624258451,108.80132480189641,0.65482425260673,41.017967601513924,93.98417762442462
465.810193476388,4.626410382959329,117.34838755326327,0.6560033269772592,37.64358895305468,93.12710126730897
474.31386124066825,5.116764473142346,96.7707255170438,0.3875588149449801,39.668005471128154,92.06056261633246
465.5452490554299,4.554517648581171,112.63269379286842,0.4464095798061698,35.80468100779667,93.54760932083887
410.7443820027386,4.207986493267576,115.72686759945493,0.32581416645812056,33.8832298614241,91.8656408171424
431.8215706043783,4.632938545456828,116.1573037125693,0.7859366139937427,40.05687230628362,93.56441676049975
443.81203411121237,4.977777921770953,116.37753831193832,0.587361546235047,37.538065646932715,95.51267377191732
448.1391642724988,4.742418665289644,119.07353700209806,0.7607263284293093,40.9708459811311,95.48130574400618
465.51680243876694,4.584547412075686,127.19162277129095,0.3820313261774799,35.71683001828359,94.80550439874231
454.44252502333137,4.1562095217968995,133.11775611198783,0.6691345477981339,41.177196438045854,93.91898194193101
416.61639103224746,4.950136656422783,110.25352159727599,0.6595151863308453,37.48745830678287,91.2823256825132
459.5049462751491,4.097167775581399,101.95198716916283,0.614993391119925,35.89754909420834,93.08146092015097
465.26464363209556,5.456033578213762,104.36933381635346,0.7793833851600804,40.47990063768929,92.47712382472584
463.994761198276,5.049463851760702,112.6919561820761,0.4361332016637894,39.11278726942427,94.06941776642559
477.0195181388655,4.125469100321042,114.72118023275236,0.2784303941538544,34.74065613555282,92.07717115645836
470.8480538637226,4.814474553770082,108.45005900703813,0.6030253155464365,37.70714588199466,92.6381388364791
461.4795019807109,4.54870615664565,100.55825003625158,0.6375858802863238,37.44872830928068,91.33078665238403
448.24585721353384,5.191504706251508,113.15818758788717,0.5450363440752889,36.658881598514654,94.13970630627946
408.4759766621002,5.804270267613886,122.72139930170957,0.3240907358800378,39.47355125524461,90.95763929679326
460.74045547831463,3.8748965182125534,128.92544198753347,0.5026735650016132,36.311755104358014,92.16937418340798
455.1921921790778,5.069015647488451,111.63865420337518,0.38731384194147767,38.37617101964726,94.64663231720793
456.7894709298843,4.903920322660015,113.8050326678485,0.4564799169000135,37.89298183872608,96.67040470797376
418.0812856044923,5.40280404587028,106.09952536729034,0.5871311455067985,36.03451831711505,93.21524274125025
422.97358648979343,5.127917976942613,119.52841244437835,0.6471288456145008,38.48899926584805,94.99575468544839
476.3288213333226,4.5488184009567085,107.27357048713777,0.33933481454080594,37.568122889575825,93.14946990408983
449.01112115358364,4.808567638600029,128.596917198618,0.44319521638817205,37.5948513560164,95.88870175755855
467.0375174343156,4.5223844859179065,93.21200262098833,0.36149694259497755,37.09615788882052,91.20673281943135
450.70795940326155,5.645604283159159,114.60555491321307,0.3191789683171215,39.15244421631951,93.67234333022395
450.74390348739365,5.012786989203165,124.51661008787613,0.6700323319975031,41.26240026330153,91.96713495193733
473.45709514939995,6.140714411451804,122.75751774483757,0.7455516166621956,42.631948586167574,93.53951486964861
437.09888179456567,4.963603511711227,160.39550495970747,0.42213931141074607,37.799522710059016,91.26249775696091
452.4030194235246,4.574955939853722,125.24700036851861,0.6507673546242603,38.1316189197387,94.02630438713567
438.4431177823739,4.0917713644323035,104.93918104736984,0.7381971736186468,37.399202830064546,92.68463388611546
439.1375943141921,3.918116194246433,118.56803629366391,0.707674526318139,38.21227138067474,92.72259488520095
442.27069691328404,4.049518434196706,93.35630499800322,0.30968803312353554,29.801486515813238,92.12102852554996
455.5533442908428,5.16027599060689,118.79100376054859,0.7737751289080168,40.816122009205536,95.43869497975611
438.03128445841304,5.305235013937961,107.50415914498862,0.4260058642576775,37.16610470417037,92.3839538186858
481.393903139338,4.05128557878072,133.73085413340243,0.40354439670430187,37.383960204544046,92.07819844661901
427.6348174445124,5.537022988445669,111.75689588106698,0.23745879636666822,37.61402895930388,92.73694112931635
445.32820889596604,4.710163368989936,118.2485112630713,0.49170419246292985,37.952636746884544,94.99278520781873
439.00672354314565,5.08807580719133,110.46663237893395,0.26540816938455725,37.435356554604056,94.4981619583835
486.1744471088433,5.967332376953254,146.08277027779997,0.3491238925564556,41.42219273946389,89.22298925749259
454.9138694127894,5.538103589519319,115.18135850823133,0.39016557306036886,39.60356357138357,94.45030981473161
475.79611348671585,4.8388816112565,147.48835565218803,0.6852957940950105,44.52609872341297,90.89297324239534
412.8609906740757,4.465284664750827,132.212276431774,0.7252931902375379,40.25457430523026,92.12949252308813
456.6762566467315,3.708910759202417,127.23100091003079,0.38147979047688185,33.9905756207074,93.72684756933302
472.2407698905859,4.568508008454548,125.5309972097628,0.7152188727467443,39.986041909087774,93.62000248017684
452.0570997318856,4.873321856703384,125.90695947324377,0.7143385624218748,39.60564234093645,93.23554241331836
476.6370093766338,4.40769228370929,91.08491130981585,0.6587905702309242,38.468627528792915,90.21173435166534
437.0677887474907,4.921245819744617,115.81674908773866,0.28801706840910896,36.623625850498925,95.14723033698219
485.2336860046395,5.0461111297752606,132.67736956776483,0.6141937081404374,40.10820030193183,91.96670160384156
507.4724530904813,4.865086410915153,119.26654224788842,0.7670144387483413,42.44991947900197,88.46681683507505
440.9290359890085,4.609998451505924,98.92215229794638,0.6095242872602943,33.71679108999594,95.05147451063611
438.8624369649807,5.101192803180036,119.21393324133795,0.3989701094647004,39.244158903224005,95.6988134486586
486.33461192794255,5.265164389741646,145.56158274383236,0.5003475904584989,40.89859470593556,90.43631606325935
489.4893036432678,4.3457605535342925,138.70337573302078,0.5874350260106322,40.50741980392549,89.91716936107495
436.9284993211683,5.846559427847762,119.06993985950952,0.5063422452371023,38.731406725458,91.5284750238564
439.49532957260357,4.940847120629443,134.2717391558713,0.2719717650385819,38.424457832218195,93.5810970023238
442.9553847784873,5.011309773766909,114.50239469447922,0.38723842679121245,32.45036441782231,94.38223959673265
416.3887372241431,5.424928653953934,94.44192619759922,0.6814376183321795,37.51352207110733,90.76347845062375
427.033701337895,5.139929678758101,106.13301017805668,0.7168508276573105,38.27728057097573,92.8224543007425
424.8964808311983,5.571881980347947,143.44333152762297,0.28238001962934217,37.21043226517883,91.12996536549474
430.8050608723968,5.1722744991210945,115.89010377256044,0.7714320514392348,42.25649898963479,91.81989028144099
449.13287781533046,4.632537575215737,116.34924030937474,0.3972935707091656,35.1321915439537,93.82613243828351
455.855368313413,5.216902115123661,115.5024270558768,0.5973882432384321,40.49158437487267,95.23388289606135
488.7625123203519,4.313764275607603,148.5620488435951,0.6510950875740087,41.972139003174654,90.70409762647223
425.0411489815302,5.065135823465914,144.38938373043095,0.6871677407827301,42.17187427039083,91.58841176576286
474.6080599619146,4.980062005613323,153.281703501722,0.7674498213355583,42.28415116220209,90.22112920511066
444.65027889436226,4.875129885636476,117.61432184399924,0.3877517288172936,35.62066474241281,95.76489331290756
448.7634072586892,4.9228774931366415,124.43436733120643,0.7151038727309327,41.64271366092947,93.75214118633716
466.87048730416507,3.8708905727014167,97.25036175868813,0.27901214206172426,34.347523327539406,91.83435369329295
421.9319494609425,4.670765055355423,142.15401639177412,0.6230245438121558,36.48068639206602,91.00368081861907
459.56024365460127,5.055706940684669,102.48330673098097,0.6451866377083917,37.98421622324754,94.59040840303274
454.1613052053264,5.0959138351984405,123.25163345643944,0.6066339447207924,40.166840657495044,94.98672480916318
462.31128160020376,4.383394915444425,103.54046208550734,0.35138884168109186,36.66274690270717,93.70172366437163
457.2292160976954,5.75942470451882,111.16699759891956,0.7238258882091222,40.09791409386041,93.01664754622698
511.38250349777235,4.4802950910713,107.4410635342545,0.301315078022237,33.00543175534699,87.16634809318866
434.0565003937171,5.581674320316042,110.88187108986273,0.2321808749124985,36.704467835614864,95.4824090553411
436.72507612495457,5.2563166171230105,111.91315945276531,0.6304789943671474,36.85851344300673,93.25469341634688
434.4214868393809,4.6122636140937185,111.77596807612385,0.4852854291396403,33.241767299444874,93.84995299177714
436.1130720209936,6.065186535565707,132.5000086767046,0.7094588119752057,37.739040773785725,93.1184814502739
434.06532181733706,4.283817900946112,103.4270581040622,0.4300382846349554,35.94038614801647,94.0051004930286
479.7254132776888,5.551492504166001,123.308121405208,0.30096715310462774,39.1808537233633,92.0801945450897
485.51260619974636,5.600349390825787,138.2693872845834,0.7018653154819219,43.07373434133827,88.02903541878959
435.7313426562631,4.597627874554013,112.30205453229905,0.529345778984043,38.76140992870218,95.63781317628481
429.1911106723943,5.835479180038597,109.23121663878597,0.31351747543421293,37.689506777300714,93.70996006027497
461.7853889096601,4.849972091240629,116.54213062229624,0.6322303991518675,41.67618641525513,92.7855053777054
436.1944238929757,5.173216177567914,137.69587812541064,0.5066681830937003,36.98556101936503,93.04745224437545
465.8232954438878,5.156193103262733,122.91161446430037,0.562587789344192,39.73765265030905,95.99114169634662
455.0730755212825,4.919414755117671,112.03178558088602,0.4765390029239492,35.167018675885835,96.19624837245706
412.1063971250692,5.486484963895869,127.2581497678206,0.6972253902908039,39.2291474306278,92.40823059815636
488.68763003325154,5.476093232331328,103.46561775245365,0.69773762940983,40.82138733930229,90.51613156856241
494.89694182738805,3.950880816057092,130.2203926566442,0.6256332930946318,40.6656735020486,89.73135672537678
434.68028273789037,5.782604145726891,126.12910961552652,0.2632408264378774,37.53791778197148,93.34857411760082
440.3074610016004,4.002504807178595,115.38287293291674,0.7033123171424414,38.3013887135199,94.74971105756097
457.1466347681226,5.619527722604994,107.42121302329153,0.6026077883197459,40.7223105790777,93.15605262601892
458.36141974967563,5.67602308209655,106.69978616574814,0.6182144996025798,43.13139452060105,93.04628349119261
466.46360681682074,4.345420141870881,128.02226004518866,0.41778970424232303,37.03100878176114,94.87825582493721
500.25511346915874,4.753511427227249,138.43470753733592,0.7275677336942041,41.28161537856962,88.4220684783753
445.57631931264876,4.336577198908438,110.44038379456808,0.6352229601409145,37.70622386231715,95.56678482582035
430.0425688865387,4.871047381826759,126.87580055327226,0.2675542799175167,34.51915027457686,92.9445086555129
415.51701929963684,4.8151794294885555,88.69459472096896,0.44466682064369767,36.3899551461274,89.57516352411604
431.72674900145205,5.467796319361604,111.23073404014201,0.731828217176085,39.21474605630832,92.57404223926105
449.1718256781551,5.7861852476717655,119.53411600693647,0.2283180210184274,36.532233049688,93.92038121577176
494.86394658794467,5.837410286473974,106.3547487452725,0.7768499717852297,42.191007496442445,87.76315496536157
437.05971752409573,4.662699184053019,105.95240437815606,0.6074975409917378,38.16999795808999,93.40199668676313
455.5946987909725,4.874466875753283,109.9833066529667,0.578825586586026,37.99081094501379,93.1378277520914
449.5894275981812,3.98993708466743,124.38289092489559,0.36233555389279487,34.564621512769136,94.66816322309825
479.7098318362021,4.516477960102287,117.19006472390438,0.34927507324350626,39.64168594744981,93.55877503670182
513.1733106468405,5.578910979858475,86.42653150012542,0.7652349316931575,40.592188772179036,81.07556266201227
436.728280676992,5.969349694128939,88.189497710474,0.3789634725404737,36.590387430513495,92.07697471874536
437.76401393704447,4.259390676872047,110.89702233214237,0.6653031780313997,38.13216976744655,96.29198094834815
476.1040219267268,4.644521444508263,126.86529879080328,0.43587307892424754,36.05619937040051,93.40777938398843
467.0472872406578,4.984156545824644,78.78742735912148,0.2835524424708224,35.36942920553343,88.30724013089036
496.16768314340084,5.168096695291764,112.50404735772554,0.20642917861721538,35.96829613444179,92.68077692278516
464.5982046331491,4.514237888047012,112.10628215223868,0.5265544022091506,38.88254270186912,92.87347104655399
441.0176977303235,5.254436626678454,140.8250666731267,0.7854672911293596,40.38795964877817,92.85396976088663
464.7663707673077,4.71569639175745,114.22467282430705,0.4214817162855227,38.34339598337161,94.5294838490503
477.7175895145727,4.991328637473033,125.74483477111393,0.4143154003958269,40.61105801690989,94.65081374491643
470.5120545299341,5.32777054880222,122.11885710131195,0.4064549707096653,40.28139514924661,94.34882934063235
462.6818507776824,5.003853361886563,88.04150280289198,0.5123263023829151,37.2722856420971,91.1144434160623
476.66686723972884,4.738168465684059,131.52310824947605,0.46439893005457616,38.85500444883109,92.16324185032211
479.2323897611418,4.934234117644501,123.23094758184432,0.7279487760362089,40.40373470090384,92.49865061363253
484.5539747759382,4.946982224476799,127.62402959511884,0.5033124750340943,42.17722060730131,91.42840432407682
466.2177471897411,4.777993382070723,178.8935655965449,0.5046547029131414,40.9707067041633,84.07683558514317
445.82204799207864,4.844722362399739,88.73830590752118,0.28302295683233397,32.58626507075763,91.07309148769811
453.66784216083306,5.95918830230283,145.87044974641663,0.7896437245462318,44.94068281428252,90.0640339074593
480.1627241627089,5.336551668764743,115.68828720899467,0.34998373452129783,37.359263874215216,94.10914066910316
429.5766082253191,4.822711809182504,124.30993356604515,0.24401844047576163,33.84959387711088,93.06301367876121
459.2168327218225,5.418172642706441,119.31731632048137,0.5978877493851253,37.89811864679973,93.34401423403777
440.166529691816,4.799708306146394,113.63645499902935,0.5572198220941237,36.79771725624012,94.45857619954519
450.71862057337046,5.703874782551985,111.45250607641862,0.4490873923956475,38.45149639943394,94.43107126127504
481.96129656518247,5.221785315318856,124.94263103359513,0.45331534032840687,40.16538360631525,91.080408873101
454.7774767004976,4.935618713597463,97.24239454992481,0.6710383526278587,39.70502261296292,93.49492437782601
451.1609137039037,5.268630155486166,131.2586875128265,0.31742758405978944,38.73525963677784,93.2454816316723
416.00359647550204,4.0574743087589,113.7570839267212,0.692151991366934,36.01993025199508,93.27653305548596
468.65633915068054,4.323939518654117,103.04895991439463,0.5892482683370109,37.128974926594815,93.53646100435557
466.1371045285269,4.283644996160567,113.24980713006279,0.45138186426771465,37.52732471954835,93.51315103522012
504.0813680826365,5.085765856858224,138.8572382529386,0.47481716995032125,43.356460164822,87.32749915352255
442.305544126175,6.039508999691055,111.96997369475665,0.3539883243116575,38.30291427989436,93.5481605788097
455.4787581915985,6.3387800877155795,125.3768042731443,0.651268599618185,41.658015257570504,93.84910387390961
456.2345920927689,5.382830660864454,109.0356558642679,0.5077248453831607,37.05311798655981,94.41839022950019
489.43633199408686,5.300506684966674,131.3688277488543,0.3925127256499062,37.97278888621565,91.11997037007268
447.6176116903262,3.9193653595083564,130.28261608185306,0.5576300694565702,38.23696414335711,93.76903538201245
456.9755381442585,4.674395720159587,147.72913249944617,0.797440671230794,42.80317492733006,91.1995282955854
465.19741274291346,4.527329748855057,117.36654081751176,0.46115736779393235,38.3543867367178,93.98326230953502
454.66522807890897,4.62749144104933,130.02982207136859,0.7524148404671718,40.14421259553655,91.94817074799084
438.8391596362368,4.899113708849126,121.47101309308417,0.4070101039547397,39.026714797438494,95.64078647591566
454.8522498224577,4.716745653381723,139.4380767279452,0.23283962415499154,36.18705602402483,93.48300889172255
476.8407937464943,3.8124201137745275,109.21751418586905,0.32254526382105736,36.502304772185326,91.05670348101452
424.3371175147235,5.448746153670521,131.1750796931592,0.4512170859966106,38.203354904274,95.02678401806708
453.3242418536719,4.356354184556116,117.07954055824978,0.33178095715674144,34.740901150077796,94.48152294294471
432.49697962652067,5.14354811846669,119.03717734337253,0.20013622293095334,36.190381683327494,92.61253277299441
479.87616572312106,6.244449601849984,121.3762872667256,0.7490009226485164,44.32409470747247,92.33094883984386
411.92032738040564,4.448369245048146,123.78360594640016,0.7063276467385575,38.09697440589574,91.87097228668902
436.0269538182103,3.481827486352202,118.25656435317063,0.6453753388921684,36.08868183357426,92.98201910450281
459.430296876613,4.828397466871934,123.22069774755789,0.3006887573876172,36.81023961681317,94.02390700008861
489.1381007308585,5.660575780999142,143.67177086343276,0.2722181457259917,44.135169841952354,89.94169078366166
448.3562434731753,6.175008472532356,134.78174528422826,0.2405628496834299,40.83705747180065,92.43436084966322
436.12001183267006,4.26227024332855,133.03731888745344,0.6344175132637528,39.25870649313369,94.08077755919705
497.02892673601474,5.298019533941913,113.16690710964194,0.7572847764127313,42.43358360572149,87.93092600728293
413.7996524895939,4.7208137259319685,106.66138757657514,0.45832149254782223,36.626441802133385,91.33518770875553
395.029851084498,4.936430987417519,134.32950837356628,0.2714844031976289,35.69540771331364,89.64172828419483
461.0003612513333,6.586606008210221,133.1407018879469,0.507435692439264,42.38314004678371,91.45858529454895
437.4486443911847,4.098217802962909,142.09006013626473,0.4092991444751781,36.21918809705906,91.90079431053965
424.4691795717322,5.1522437968967445,110.94029061046156,0.42489495460999865,36.18700708429707,92.93848939370133
467.7089111824838,5.28061590305926,116.5567701695948,0.5727983744934244,35.03361967511202,93.0170222439073
456.09501784428,5.651471794963609,95.40773756211848,0.6312308679573215,39.506662401037836,90.42577789794151
435.8980342315818,5.058789892082538,114.1129334090869,0.2663621593238965,34.78670233398268,93.82825193937637
417.99239003322765,5.184830323702461,134.9485576586917,0.22135413848388585,38.30914174881045,91.7680291763175
471.81143320700363,4.765010859546925,113.00256931157703,0.7965981816114289,40.63143259326829,93.10118581806998
466.2550294489665,5.161476164747064,129.60719692801234,0.33963700934933116,36.65094103567632,93.82318482324919
447.52060340551543,4.794084634701553,117.14245341003283,0.23229831494507547,35.34228997165381,94.39901489078066
496.16592490119166,5.372943133913631,124.86085542332341,0.313925197457552,37.951805914558264,91.30111255921013
423.2478808418462,4.77823379837382,102.78462915276499,0.22337470780907853,34.194922605953955,91.83757845815852
411.86187072688153,5.226260236341312,121.27814174450852,0.43508653677030307,37.07554509983179,91.43731765774221
432.7022982529689,4.982442311789013,75.13296043648916,0.6814410706707946,37.67275372955709,87.81768631113093
448.86034959111254,5.6756301504633,117.19655762757023,0.40474666985463237,37.25399238342787,95.11540483083891
456.0834862330673,4.9691637658469086,95.5429013442729,0.46651004412701996,36.703500805861886,94.53382692925511
443.9690985535918,3.9361805190758714,138.08991774820225,0.6053520641404633,35.92456776135613,92.32321537416388
458.80138491285743,5.757152900428395,131.66111029146768,0.5053364420419282,41.709530943995965,94.07720832195997
418.7115143952389,4.4565606194824285,127.00006472949121,0.7168674116127947,38.90351963820994,92.62090317841115
486.0941151018315,4.607740196810708,142.8150934073907,0.7196214050274541,42.80728133453697,89.33130354681043
447.9462205401858,4.6426032235739045,105.76625218762744,0.2059464172946922,34.27050964069106,93.61025637606069
477.9323957897032,5.82466285590249,146.21044796873338,0.6668277838899196,44.33109745763916,89.14621878884243
458.5681336594426,3.7185954716127827,133.98287346390578,0.4764401601450044,39.29319954673799,91.1795230357967
461.4188304788446,6.882649120195996,116.4516706917158,0.793304324782198,43.751415089704096,91.54448152293565
464.2441820058051,5.633634085439631,137.03430220774416,0.48993924552526114,41.0598485062554,93.01782598789639
461.1927140004329,5.133943348477496,103.4055973138255,0.7921375672329787,38.60105351519805,93.42849659070599
466.0680689966886,4.967063599630229,107.6322875770849,0.6527416167234421,37.960915985217085,93.81935055168938
483.22881325331076,5.1713324449145945,110.8711541514045,0.3491629307679838,38.2298435658468,91.3597859943268
454.91302924253677,5.312673457027603,112.06533437903977,0.5230369875721746,40.32344967572379,94.6351358548554
467.7250939397128,5.387129351570034,104.15163535859621,0.7952813836871497,40.632764545050186,91.56760472692596
447.75660764281935,5.333362679602069,138.34624600642988,0.7145183646511544,41.17336401262334,94.91410294077754
486.0029303862368,5.053748408753149,116.11718399445253,0.2584201362747327,36.96092861431359,90.53718112433386
433.0901924485183,4.881596947815605,125.2875745253532,0.6238231980859977,37.81618725395151,94.0145833118044
495.0235108227704,4.909236029807893,111.44472950379479,0.40734775152248787,39.025488252535844,89.60865140673526
448.9960512338914,4.883055031788391,92.69095049177224,0.20418935712820888,31.698426525338803,92.62008040002056
414.2306224470488,5.680262058120238,124.05086037587134,0.4420885814161998,39.69486624138035,91.66340844491945
453.20261037276975,5.356134033368517,91.31617536870334,0.3408526530349828,34.97680397418199,91.68844628339562
432.97370856312796,3.235766819201432,118.97048930871797,0.691321562312283,36.894985702266254,92.48738617344515
471.0160887247181,5.393540465917857,99.47527441750785,0.4023983653074593,35.8317218790602,92.68217762898817
433.6844005174402,5.1168417168312645,149.8091399884621,0.6965142163722904,42.12161343709926,91.99862810510517
438.8454141696305,4.988774746132462,133.6704408326208,0.2003587633008772,37.16462457790966,92.49080186480965
402.7614817263617,4.766888928146669,121.5863068690722,0.3846914900156715,35.63987277999702,88.97483769299124
438.6923420187731,5.674467631991608,138.95560016482003,0.34469912858465723,37.36502167420259,93.21666521659132
389.40301683427606,5.568515877273715,107.30526033801397,0.3401404166411666,35.13321049027102,86.39068672837129
410.4024294128569,4.536273399305834,128.1521906800514,0.24091197185927765,32.42323223384051,91.58207810223476
469.01036640360746,5.244231372274721,122.99715650578071,0.31227456224630107,37.698912131911776,93.8407087539771
469.6450039662708,4.417005959275229,123.96030122000505,0.5333297419313721,39.98478654543052,94.10537840551135
460.6364390446241,4.172229101126642,139.08530250160152,0.3748166437026467,38.474174134136305,91.38407277385761
425.82559642176966,4.623969665246021,130.98738154169703,0.45043686939748884,36.841681515806016,95.22469462201433
448.80721609645053,5.517436083429655,124.33085494237535,0.42612012820831313,37.29027605235616,94.51878567049549
449.9099365227358,5.571875027225652,95.17668845657556,0.7255429549999368,40.509099025570926,93.18039052572131
421.04088277018644,5.307851252058375,105.59930557080804,0.7431793994063094,38.70623295055853,91.31559971111129
487.5849575441788,5.435057472108798,118.15936599606414,0.4957741829935161,36.86178377792933,92.32102517094742
471.9340572643918,5.309706972268975,121.40058561414976,0.39809357018936264,40.07756327849849,92.56925048970069
444.4758956542584,4.6151110428662285,103.04694412989114,0.2640804224014182,34.34534647952982,93.96504208639612
450.67214597486327,5.259153526804364,156.1751501336763,0.772041727629257,44.84388188827163,90.07141584067284
455.2095701986888,5.4802457151366095,142.7459108288036,0.23613616694017847,36.883763302178885,92.68128014562794
398.9566282893927,5.452574797888144,129.03177480588727,0.37859016654096833,31.778471868661356,89.96062163109168
443.8205654369851,5.7133480228847855,121.08055291925618,0.37883972070200256,38.751025786961186,93.16305525426917
432.95039380005505,5.424982308320638,116.81686545148273,0.39224077168412896,37.66726752256431,93.46634870937262
424.9594997526271,5.2108689245249495,105.72122309966647,0.2985721059634456,32.57378684652787,93.23146243186865
442.9724926778511,5.642090142989856,121.16220777778294,0.6698968585542184,39.0358199807966,96.4346542337123
494.94216317123806,4.984087244450564,123.86628810214125,0.27349871717959356,42.52183720600562,90.36685183166621
466.02107153167526,4.47087520926337,101.37359136777563,0.5809439954918978,36.9599697627121,93.7605634776868
435.72052525543006,4.902159821633742,125.01264625867346,0.2743076160234905,37.04436685743059,93.99468728675393
464.314569533904,4.553058413116131,117.67111426762877,0.24232138255577396,34.79093610041654,95.82516908183827
